filename,path,true_emotion,deepface_prediction,status,happy_score,sad_score,angry_score,surprise_score,neutral_score,disgust_score,fear_score
000152.jpg,images/happy/000152.jpg,happy,happy,success,99.83483554901653,0.00033787278490702953,2.531072578446815e-05,5.6733766826975365e-05,0.16436129013239859,4.912860643286448e-06,0.0003695285627738051
000191.jpg,images/happy/000191.jpg,happy,happy,success,99.99049902075541,0.0059752557870627,3.6088482063854892e-09,5.555066144335224e-06,0.0035198615829765026,9.770058179211792e-16,1.2964314707006106e-09
000218.jpg,images/happy/000218.jpg,happy,happy,success,99.99911785136248,7.953669131510972e-14,9.1372033783772e-15,1.700233493372248e-05,0.0008634263275134657,6.643760606832025e-23,4.936016910075749e-16
happy_250extra_0039.jpg,images/happy/happy_250extra_0039.jpg,happy,happy,success,99.90094303494352,1.0347315621569738e-06,1.7100275340813421e-09,5.543504319599071e-08,0.09905479973136185,2.462388960128883e-12,5.070982825035394e-08
happy_250extra_0005.jpg,images/happy/happy_250extra_0005.jpg,happy,fear,success,13.417422081078415,0.026126291879529768,0.8576438342120548,0.05648981650858024,2.6127212174535978e-06,1.0354020480859696e-07,85.64231906189436
000032.jpg,images/happy/000032.jpg,happy,happy,success,99.95879530906677,2.5906840561695788e-08,7.712006624667825e-12,1.6457843421413543e-08,0.04120450175832957,4.9733074338188654e-18,6.95446787519192e-13
happy_250extra_0011.jpg,images/happy/happy_250extra_0011.jpg,happy,happy,success,99.67296717601819,2.2610064041299138e-10,9.873441461661703e-15,1.075485684803532e-09,0.3270337553044412,3.397456567234821e-21,7.50306627047172e-16
happy_250extra_0010.jpg,images/happy/happy_250extra_0010.jpg,happy,happy,success,99.98182654380798,2.4987716784607983e-06,2.3629867507146685e-08,3.861863007159627e-06,0.01817241864046082,1.4899472172529016e-12,1.3743799054020088e-12
happy_250extra_0004.jpg,images/happy/happy_250extra_0004.jpg,happy,fear,success,2.101479284465313,2.2695347823287193e-07,0.003977623418904841,33.57371985912323,3.484478875091622e-14,6.99260527953216e-11,64.32082653045654
happy_250extra_0038.jpg,images/happy/happy_250extra_0038.jpg,happy,happy,success,100.0,4.889498181337437e-09,7.123840900962245e-14,2.4412842145606582e-14,1.0929831262274092e-06,1.9443646376661194e-22,3.1326631826783524e-10
000225.jpg,images/happy/000225.jpg,happy,happy,success,99.99096393585205,2.492763374190021e-10,5.814366864495199e-12,1.6042618622424953e-08,0.009039832366397604,5.0797915293777656e-24,1.1093933790143781e-15
000184.jpg,images/happy/000184.jpg,happy,happy,success,99.78953002628863,3.163727498216392e-10,5.792667592820555e-16,3.2302780433027056e-09,0.21047067220334245,5.7804560499327575e-25,4.0760351395299594e-18
000190.jpg,images/happy/000190.jpg,happy,happy,success,96.3479220867157,0.0001522210254734091,2.4074870985657526e-07,0.011423585965530947,3.640497475862503,1.8848891826351937e-14,7.858959039097613e-08
000151.jpg,images/happy/000151.jpg,happy,happy,success,99.96886253728121,2.9428201076177017e-05,0.0002695449572185711,2.5929646447570468e-06,0.030769616539114232,9.513046160308177e-09,6.866637568215156e-05
000186.jpg,images/happy/000186.jpg,happy,happy,success,99.82361793518066,0.00010611877314659068,3.638389242666129e-09,4.417529453348834e-07,0.17627754714339972,4.15833196581284e-14,9.53390751762262e-10
000192.jpg,images/happy/000192.jpg,happy,happy,success,99.90566372871399,8.265920586891795e-09,2.155906529688334e-10,8.639626116746513e-05,0.09425348252989352,1.0369638264071617e-17,6.696758355099683e-12
000233.jpg,images/happy/000233.jpg,happy,happy,success,99.160635471344,0.08586073527112603,1.5605511549665607e-06,2.858099179547935e-06,0.7534837815910578,1.2322354248084366e-08,2.4948417376435827e-05
happy_250extra_0012.jpg,images/happy/happy_250extra_0012.jpg,happy,happy,success,99.97314810752869,1.0475764006256938e-08,1.246367646676877e-11,2.305633444166233e-05,0.026829930720850825,1.5551484586534092e-16,7.715707413258333e-11
000031.jpg,images/happy/000031.jpg,happy,happy,success,100.0,8.607287420924633e-16,1.8998577833208903e-24,5.661794275600707e-11,9.799674499611985e-12,0.0,5.7271216255904175e-27
happy_250extra_0006.jpg,images/happy/happy_250extra_0006.jpg,happy,happy,success,98.13851140278442,3.0045885805848967e-09,9.071872894319824e-12,0.0011034749653529882,1.8603836762447743,7.885780834667475e-19,6.849206528457467e-12
happy_250extra_0007.jpg,images/happy/happy_250extra_0007.jpg,happy,happy,success,99.99470710754395,5.144458574646581e-22,1.1703784790368874e-26,1.9162106187279974e-12,0.005293415597407147,0.0,2.4512529154759283e-28
happy_250extra_0013.jpg,images/happy/happy_250extra_0013.jpg,happy,happy,success,99.9760389313721,8.792177288470731e-07,4.937785891385006e-09,1.7992523821915037e-08,0.023961832603493043,3.5177284532103703e-16,7.265689134795767e-12
000193.jpg,images/happy/000193.jpg,happy,happy,success,100.0,7.323576966221379e-12,7.347325808486285e-18,2.983277624934999e-07,7.858625317332113e-12,0.0,4.937585832936219e-16
000187.jpg,images/happy/000187.jpg,happy,happy,success,99.99785423278809,5.691157180937045e-10,6.395530738573067e-14,1.253416148649933e-07,0.0021458656192407943,9.19107924368302e-19,4.668387343365055e-08
000150.jpg,images/happy/000150.jpg,happy,happy,success,98.307257789806,0.0024686276099455235,2.5023665343679505e-05,0.0003992957100929231,1.6898042598250067,5.990057696068944e-08,4.426125578966608e-05
000034.jpg,images/happy/000034.jpg,happy,fear,success,2.101479284465313,2.2695347823287193e-07,0.003977623418904841,33.57371985912323,3.484478875091622e-14,6.99260527953216e-11,64.32082653045654
happy_250extra_0017.jpg,images/happy/happy_250extra_0017.jpg,happy,happy,success,99.99380111694336,1.4824428262727452e-05,5.963982779855215e-10,0.000733845718059456,0.005446791692520492,4.765630700018083e-15,5.617282283765235e-06
happy_250extra_0003.jpg,images/happy/happy_250extra_0003.jpg,happy,happy,success,99.99240636825562,4.600884118133308e-07,8.505448081952416e-10,4.732661484929679e-09,0.0075972908234689385,9.525772229491264e-15,7.785467691541481e-11
happy_250extra_0002.jpg,images/happy/happy_250extra_0002.jpg,happy,happy,success,100.0,2.0980017457220896e-14,5.82099426977077e-20,7.401731227929531e-07,1.0230053566415154e-10,0.0,2.6845133504352975e-20
000035.jpg,images/happy/000035.jpg,happy,happy,success,98.13851140278442,3.0045885805848967e-09,9.071872894319824e-12,0.0011034749653529882,1.8603836762447743,7.885780834667475e-19,6.849206528457467e-12
happy_250extra_0016.jpg,images/happy/happy_250extra_0016.jpg,happy,happy,success,80.9159659247439,1.139423086610611e-06,1.8149669468663454e-05,19.08390741540105,5.206684311405728e-05,1.1218738290768573e-13,5.386099741402299e-05
000223.jpg,images/happy/000223.jpg,happy,happy,success,99.9433338574569,0.0016298721799381441,1.676291305752651e-06,0.03467429318773516,0.019486460363740965,4.9125531552189667e-11,0.0008778189249437511
000196.jpg,images/happy/000196.jpg,happy,happy,success,99.99905824661255,0.0008407728273596149,3.4133959547766324e-08,9.97119173007377e-05,1.3919172481280384e-07,4.5744057226462766e-18,8.923170646824019e-07
000209.jpg,images/happy/000209.jpg,happy,happy,success,99.97211694551211,1.2955158552069055e-09,2.445953364774783e-14,0.02780190718297107,8.370429257924527e-05,1.6216733117401125e-29,4.465013215995995e-14
happy_250extra_0014.jpg,images/happy/happy_250extra_0014.jpg,happy,happy,success,99.99991655349731,4.3227652310923987e-16,2.433245346631526e-17,3.76475384200603e-06,7.986072318999504e-05,9.209624439524667e-34,3.09611717873472e-21
000037.jpg,images/happy/000037.jpg,happy,happy,success,99.99905824661255,0.0008407728273596149,3.4133959547766324e-08,9.97119173007377e-05,1.3919172481280384e-07,4.5744057226462766e-18,8.923170646824019e-07
happy_250extra_0028.jpg,images/happy/happy_250extra_0028.jpg,happy,happy,success,99.99778270721436,9.190536176604917e-14,1.0390494847735317e-16,2.5061045903426726e-11,0.002216611392213963,3.8636460563513883e-31,8.881469387521284e-23
happy_250extra_0029.jpg,images/happy/happy_250extra_0029.jpg,happy,failed,no_face_detected,,,,,,,
happy_250extra_0015.jpg,images/happy/happy_250extra_0015.jpg,happy,happy,success,99.9545156955719,7.328790019300868e-06,3.64412073108368e-12,1.761121097842988e-05,0.045463512651622295,1.7820057353290362e-19,3.6264504853916746e-10
000036.jpg,images/happy/000036.jpg,happy,happy,success,99.99470710754395,5.144458574646581e-22,1.1703784790368874e-26,1.9162106187279974e-12,0.005293415597407147,0.0,2.4512529154759283e-28
happy_250extra_0001.jpg,images/happy/happy_250extra_0001.jpg,happy,happy,success,91.5842592716217,0.03595907473936677,0.001201373197545763,0.00034087145195371704,0.9507778100669384,2.2985587122548168e-05,7.427442818880081
000220.jpg,images/happy/000220.jpg,happy,happy,success,99.99996423721313,4.058474871726503e-05,9.764534320000351e-09,2.2319101233847505e-06,3.3425866241554303e-09,1.0681851695138008e-25,2.8473692587766e-10
000181.jpg,images/happy/000181.jpg,happy,happy,success,99.95879530906677,2.5906840561695788e-08,7.712006624667825e-12,1.6457843421413543e-08,0.04120450175832957,4.9733074338188654e-18,6.95446787519192e-13
000195.jpg,images/happy/000195.jpg,happy,happy,success,91.8106198310852,3.796596370619909e-07,9.157864466757815e-08,0.0017280866813962348,8.187650889158249,7.99418644485625e-15,1.3050390629265607e-09
happy13.png,images/happy/happy13.png,happy,happy,success,99.95716809971142,7.058782690371479e-12,2.795890754109806e-14,1.112715985727691e-07,0.04283280541775706,2.1336008208597618e-21,3.700737311485648e-12
happy_250extra_0112.jpg,images/happy/happy_250extra_0112.jpg,happy,happy,success,99.98300671476166,8.366228764387624e-08,2.2901546256209426e-12,7.353228707622184e-10,0.01699607047508332,3.650892545649724e-16,3.303738705268638e-13
happy_250extra_0106.jpg,images/happy/happy_250extra_0106.jpg,happy,angry,success,1.3219684236176477e-07,2.7817336842417717,97.15239405632019,2.0874567943337044e-12,0.027902409783564508,2.7228685547052954e-12,0.03797678218688816
happy_extra_0038.jpg,images/happy/happy_extra_0038.jpg,happy,failed,no_face_detected,,,,,,,
happy_extra_0010.jpg,images/happy/happy_extra_0010.jpg,happy,happy,success,99.67296717601819,2.2610064041299138e-10,9.873441461661703e-15,1.075485684803532e-09,0.3270337553044412,3.397456567234821e-21,7.50306627047172e-16
happy_extra_0004.jpg,images/happy/happy_extra_0004.jpg,happy,fear,success,2.101479284465313,2.2695347823287193e-07,0.003977623418904841,33.57371985912323,3.484478875091622e-14,6.99260527953216e-11,64.32082653045654
000045.jpg,images/happy/000045.jpg,happy,happy,success,99.99380111694336,1.4824428262727452e-05,5.963982779855215e-10,0.000733845718059456,0.005446791692520492,4.765630700018083e-15,5.617282283765235e-06
happy_250extra_0066.jpg,images/happy/happy_250extra_0066.jpg,happy,happy,success,88.32313418388367,0.03030287625733763,0.08782843360677361,0.21460484713315964,11.199968308210373,0.00024558451059419895,0.1439155195839703
happy_250extra_0072.jpg,images/happy/happy_250extra_0072.jpg,happy,happy,success,99.90719555702157,9.734338585439425e-06,9.780231835670335e-06,1.2772515946489157e-05,0.09267999498456657,4.6558020771058544e-07,9.356999704724026e-05
000051.jpg,images/happy/000051.jpg,happy,happy,success,99.99940991398155,1.4514399662558407e-10,3.000944935891392e-15,1.4114540975309134e-15,0.000590154321504409,4.6271314615873814e-23,1.0044910574474892e-19
happy_250extra_0099.jpg,images/happy/happy_250extra_0099.jpg,happy,happy,success,95.08194923400879,5.0560439168734206e-08,1.2839773732079007e-10,7.966757920030432e-07,4.918048530817032,6.877501575300285e-22,5.250921352662938e-15
000086.jpg,images/happy/000086.jpg,happy,fear,success,0.0018942958847318093,0.5153890550417835,0.010049632221830147,1.0992329188605643,0.4309280727442416,3.3432924662254504e-08,97.94250155180674
happy_250extra_0098.jpg,images/happy/happy_250extra_0098.jpg,happy,happy,success,96.68799638748169,2.6157065402543367e-08,5.836048224544532e-10,3.443296918703709e-05,3.311973065137863,7.607136614981942e-19,8.999776733586724e-13
happy_250extra_0073.jpg,images/happy/happy_250extra_0073.jpg,happy,happy,success,89.77847695350647,0.016447123198304325,0.0666301348246634,0.017244493938051164,10.106632858514786,5.831219507257401e-07,0.014568897313438356
000050.jpg,images/happy/000050.jpg,happy,happy,success,97.15211357499523,0.10635975153562445,5.335431932804326e-06,1.2462363183791744e-08,2.741524345162433,1.9434244976342012e-06,2.291690666198955e-07
000044.jpg,images/happy/000044.jpg,happy,happy,success,80.9159659247439,1.139423086610611e-06,1.8149669468663454e-05,19.08390741540105,5.206684311405728e-05,1.1218738290768573e-13,5.386099741402299e-05
happy_250extra_0067.jpg,images/happy/happy_250extra_0067.jpg,happy,happy,success,99.97314810752869,1.0475764006256938e-08,1.246367646676877e-11,2.305633444166233e-05,0.026829930720850825,1.5551484586534092e-16,7.715707413258333e-11
000078.jpg,images/happy/000078.jpg,happy,failed,no_face_detected,,,,,,,
happy_extra_0005.jpg,images/happy/happy_extra_0005.jpg,happy,happy,success,98.13851140278442,3.0045885805848967e-09,9.071872894319824e-12,0.0011034749653529882,1.8603836762447743,7.885780834667475e-19,6.849206528457467e-12
happy_extra_0011.jpg,images/happy/happy_extra_0011.jpg,happy,happy,success,99.97314810752869,1.0475764006256938e-08,1.246367646676877e-11,2.305633444166233e-05,0.026829930720850825,1.5551484586534092e-16,7.715707413258333e-11
happy_extra_0039.jpg,images/happy/happy_extra_0039.jpg,happy,happy,success,99.90094303494352,1.0347315621569738e-06,1.7100275340813421e-09,5.543504319599071e-08,0.09905479973136185,2.462388960128883e-12,5.070982825035394e-08
happy_250extra_0107.jpg,images/happy/happy_250extra_0107.jpg,happy,failed,no_face_detected,,,,,,,
000130.jpg,images/happy/000130.jpg,happy,fear,success,1.3391560209803557,28.396698427593897,1.7361428381630375,0.005177903332261717,0.8183769837466498,0.00012112389788312472,67.70432380386308
happy_250extra_0113.jpg,images/happy/happy_250extra_0113.jpg,happy,happy,success,99.9885678304949,8.987154837005293e-07,4.144626924966835e-08,0.008214221200747123,0.002718492981950192,4.278684783178358e-17,0.0004931442029943383
happy12.png,images/happy/happy12.png,happy,happy,success,99.92103577601483,0.00039866613201050566,3.0226324503860444e-06,0.0062830549508975505,0.0630828418539802,1.1628549383642681e-10,0.009191593922186622
happy_250extra_0105.jpg,images/happy/happy_250extra_0105.jpg,happy,failed,no_face_detected,,,,,,,
happy38.png,images/happy/happy38.png,happy,happy,success,99.99690055847168,2.5868660647821243e-12,2.0642444387493515e-15,1.2641251760647787e-09,0.0031013179977890104,3.4972833025946966e-29,3.5774656764123467e-19
happy_250extra_0111.jpg,images/happy/happy_250extra_0111.jpg,happy,happy,success,99.99967813491821,9.341717158129707e-13,1.8017687835976123e-20,1.979320671935663e-12,0.00032045363695942797,1.48378405430955e-30,4.823806937731158e-20
happy_extra_0007.jpg,images/happy/happy_extra_0007.jpg,happy,happy,success,99.99856352797529,0.0011098442634963736,6.527374030657868e-08,0.0003295971933771231,5.40650623188598e-07,1.741062652527134e-17,1.344221703022789e-06
happy_extra_0013.jpg,images/happy/happy_extra_0013.jpg,happy,happy,success,99.99991655349731,4.3227652310923987e-16,2.433245346631526e-17,3.76475384200603e-06,7.986072318999504e-05,9.209624439524667e-34,3.09611717873472e-21
happy_250extra_0059.jpg,images/happy/happy_250extra_0059.jpg,happy,happy,success,99.94623065635793,0.03478829625258043,0.00018801621341148247,6.44737408763527e-08,0.001338558035561183,0.014942274393875968,0.0025056687005207932
happy_250extra_0071.jpg,images/happy/happy_250extra_0071.jpg,happy,happy,success,100.0,5.418375001774785e-14,6.43715552578792e-14,7.086546040294638e-14,1.4583090953194603e-20,0.0,1.0417525869382631e-14
happy_250extra_0065.jpg,images/happy/happy_250extra_0065.jpg,happy,happy,success,90.66529218347623,1.8547548248108906e-05,8.66018952654411e-07,0.02181860893861481,9.31287016349257,2.897756547148671e-16,9.072710485211116e-09
000046.jpg,images/happy/000046.jpg,happy,happy,success,100.0,7.141939559825346e-13,1.1143369825862706e-16,3.9023101153499064e-20,4.295230891879914e-11,1.6481535763218244e-30,1.896565977696968e-21
000085.jpg,images/happy/000085.jpg,happy,happy,success,98.29341748874396,1.0175365408672855e-05,2.3314789325164443e-06,1.7065178774616572,1.8051262194162554e-05,3.722519581810371e-16,3.441638069582391e-05
000084.jpg,images/happy/000084.jpg,happy,happy,success,85.56325349588712,0.0002922950390310213,0.0005946764203806323,14.006046295526403,0.00013981216094428398,3.359389355978951e-10,0.4296707245511248
000090.jpg,images/happy/000090.jpg,happy,happy,success,79.96141910552979,0.0003262037580498145,7.227197897918813e-05,0.35895153414458036,19.67921257019043,1.0056371291256028e-07,1.5737572311991244e-05
happy_250extra_0064.jpg,images/happy/happy_250extra_0064.jpg,happy,happy,success,99.99240636825562,4.600884118133308e-07,8.505448081952416e-10,4.732661484929679e-09,0.0075972908234689385,9.525772229491264e-15,7.785467691541481e-11
000047.jpg,images/happy/000047.jpg,happy,happy,success,100.0,4.129593937857515e-12,2.844672008987494e-14,6.322543183445717e-10,1.8314080918457876e-06,8.215980781198598e-24,1.7137367457834792e-15
happy_250extra_0070.jpg,images/happy/happy_250extra_0070.jpg,happy,sad,success,0.5041716920835788,88.22355200192642,1.703787324058254,5.739508655164288e-08,0.028330947913397724,7.371306227348373e-08,9.540161314020235
happy_250extra_0058.jpg,images/happy/happy_250extra_0058.jpg,happy,happy,success,99.49448710745726,0.008081696196964836,8.733338841287889e-05,0.0001166744570648421,0.4972236103893983,4.0354902105438773e-10,9.837672836008252e-08
happy_extra_0012.jpg,images/happy/happy_extra_0012.jpg,happy,happy,success,99.9760389313721,8.792177288470731e-07,4.937785891385006e-09,1.7992523821915037e-08,0.023961832603493043,3.5177284532103703e-16,7.265689134795767e-12
happy_extra_0006.jpg,images/happy/happy_extra_0006.jpg,happy,happy,success,99.99470710754395,5.144458574646581e-22,1.1703784790368874e-26,1.9162106187279974e-12,0.005293415597407147,0.0,2.4512529154759283e-28
happy_250extra_0110.jpg,images/happy/happy_250extra_0110.jpg,happy,happy,success,99.99380111694336,1.4824428262727452e-05,5.963982779855215e-10,0.000733845718059456,0.005446791692520492,4.765630700018083e-15,5.617282283765235e-06
happy_250extra_0104.jpg,images/happy/happy_250extra_0104.jpg,happy,happy,success,99.86756442398601,1.802256479072968e-05,1.1631314486729586e-09,0.0005568916303608601,0.1318659790594553,2.728247787968769e-15,9.836026500104404e-08
happy11.png,images/happy/happy11.png,happy,happy,success,99.82969166878561,5.748488022342733e-12,1.3569420669391978e-13,4.996383821695285e-08,0.17030327879002347,6.468134798805669e-26,2.2601262562598474e-17
happy_250extra_0100.jpg,images/happy/happy_250extra_0100.jpg,happy,happy,success,99.88985061645508,6.340218905442896e-08,6.888714598751733e-09,0.1037549925968051,0.006393101648427546,5.246539446086e-16,3.9262579853982515e-07
happy29.png,images/happy/happy29.png,happy,happy,success,99.99983310699463,1.0456917276524536e-08,4.666644064065394e-16,6.362705501361532e-11,0.00016872112382770865,3.354856929215608e-21,2.0581583482046518e-13
happy_250extra_0114.jpg,images/happy/happy_250extra_0114.jpg,happy,happy,success,98.29341748874396,1.0175365408672855e-05,2.3314789325164443e-06,1.7065178774616572,1.8051262194162554e-05,3.722519581810371e-16,3.441638069582391e-05
happy15.png,images/happy/happy15.png,happy,happy,success,99.63672161102295,1.354198558844999e-08,3.4250307126039437e-11,1.5939666253572682e-07,0.3632804611697793,6.703105243118375e-16,2.65786741573959e-12
happy_extra_0002.jpg,images/happy/happy_extra_0002.jpg,happy,happy,success,100.0,2.0980017457220896e-14,5.82099426977077e-20,7.401731227929531e-07,1.0230053566415154e-10,0.0,2.6845133504352975e-20
happy_extra_0016.jpg,images/happy/happy_extra_0016.jpg,happy,happy,success,99.99096393585205,2.492763374190021e-10,5.814366864495199e-12,1.6042618622424953e-08,0.009039832366397604,5.0797915293777656e-24,1.1093933790143781e-15
happy_250extra_0074.jpg,images/happy/happy_250extra_0074.jpg,happy,happy,success,99.96842146296245,8.09243287639609e-10,3.4679014975121893e-14,7.099496588055929e-07,0.03157290253664225,1.5392347057589283e-23,3.1475992857825884e-16
000057.jpg,images/happy/000057.jpg,happy,happy,success,91.8106198310852,3.796596370619909e-07,9.157864466757815e-08,0.0017280866813962348,8.187650889158249,7.99418644485625e-15,1.3050390629265607e-09
000043.jpg,images/happy/000043.jpg,happy,happy,success,99.99991655349731,4.3227652310923987e-16,2.433245346631526e-17,3.76475384200603e-06,7.986072318999504e-05,9.209624439524667e-34,3.09611717873472e-21
happy_250extra_0060.jpg,images/happy/happy_250extra_0060.jpg,happy,happy,success,98.54304185766232,0.2800396577665006,0.07890704325405021,1.0321986725522695e-05,1.091577922795887,3.5897342351125397e-06,0.00641686894644947
happy_250extra_0048.jpg,images/happy/happy_250extra_0048.jpg,happy,failed,no_face_detected,,,,,,,
000080.jpg,images/happy/000080.jpg,happy,happy,success,72.66249982565644,25.614485071362843,0.0013219477539038636,1.9161742262378645e-05,1.7055831679006614,5.631097760711558e-06,0.01608192059585281
happy_250extra_0049.jpg,images/happy/happy_250extra_0049.jpg,happy,happy,success,99.99908208836104,6.448620618649111e-11,1.528418407517803e-08,1.956651749617102e-05,0.0009009697515392939,7.931018352132296e-18,6.197176844376703e-08
000042.jpg,images/happy/000042.jpg,happy,happy,success,99.9760389313721,8.792177288470731e-07,4.937785891385006e-09,1.7992523821915037e-08,0.023961832603493043,3.5177284532103703e-16,7.265689134795767e-12
happy_250extra_0061.jpg,images/happy/happy_250extra_0061.jpg,happy,happy,success,99.99924302096623,7.164435271031711e-10,1.3929381916331082e-09,8.672656354857469e-06,0.0007494365028060844,3.8238142655764374e-19,5.110354222415184e-07
happy_250extra_0075.jpg,images/happy/happy_250extra_0075.jpg,happy,happy,success,99.99171495437622,1.600211467579272e-13,9.028602270633412e-15,1.2714970135802028e-10,0.00828499614726752,1.0622518094920365e-29,7.624845873350106e-19
000056.jpg,images/happy/000056.jpg,happy,happy,success,98.56848112156875,3.666158706422836e-08,1.6161153240818247e-09,1.0936619373630753e-06,1.4315200891506725,4.171094838125781e-19,2.9665111519438497e-12
happy_extra_0017.jpg,images/happy/happy_extra_0017.jpg,happy,happy,success,100.0,7.141939559825346e-13,1.1143369825862706e-16,3.9023101153499064e-20,4.295230891879914e-11,1.6481535763218244e-30,1.896565977696968e-21
happy_extra_0003.jpg,images/happy/happy_extra_0003.jpg,happy,happy,success,99.99240636825562,4.600884118133308e-07,8.505448081952416e-10,4.732661484929679e-09,0.0075972908234689385,9.525772229491264e-15,7.785467691541481e-11
happy14.png,images/happy/happy14.png,happy,happy,success,99.98233914164771,0.00012547111868639192,9.720412440207646e-09,7.332099357968606e-07,0.017482966988179624,7.406653379498134e-14,5.585744799768456e-05
happy_250extra_0115.jpg,images/happy/happy_250extra_0115.jpg,happy,happy,success,99.94786977457224,3.044991569419442e-05,9.474927647669445e-05,0.0003460176891863878,0.04823239865887306,1.7074022381107885e-08,0.0034281276609051696
happy28.png,images/happy/happy28.png,happy,happy,success,99.72465041581984,1.4454248573588653e-09,1.9793786101981626e-11,2.1630290464275389e-10,0.27534555621051116,1.63126848448411e-20,4.94404305583745e-13
happy_250extra_0101.jpg,images/happy/happy_250extra_0101.jpg,happy,happy,success,99.99911785136248,7.953669131510972e-14,9.1372033783772e-15,1.700233493372248e-05,0.0008634263275134657,6.643760606832025e-23,4.936016910075749e-16
000122.jpg,images/happy/000122.jpg,happy,happy,success,97.26972563682351,1.0801216121387596e-08,4.449164392586685e-10,3.551355616984112e-05,2.7302376690648598,1.760603147764527e-19,6.226084709677254e-13
happy_250extra_0117.jpg,images/happy/happy_250extra_0117.jpg,happy,happy,success,99.98716115951538,9.702617181917006e-09,2.8954532223621654e-14,3.195949616063842e-08,0.012837648682761937,1.0325319135764586e-21,1.0700449696842145e-13
000120.jpg,images/happy/000120.jpg,happy,happy,success,99.99727010759472,8.475252377656234e-07,8.480222653478563e-13,4.838856205093579e-06,0.002720062769618319,1.1693273799840914e-28,1.3460189447661422e-16
happy_250extra_0103.jpg,images/happy/happy_250extra_0103.jpg,happy,happy,success,71.29659056663513,5.6334620301967675e-08,9.016454214361147e-05,28.703290224075317,2.1806785710509757e-06,8.202825983285831e-17,2.7917397460441862e-05
happy16.png,images/happy/happy16.png,happy,happy,success,99.98496174722682,6.975508586853657e-07,4.992254823998498e-09,1.4087152729101164e-06,0.015040339517948897,5.630476686062032e-12,2.140766092097462e-06
happy_extra_0015.jpg,images/happy/happy_extra_0015.jpg,happy,happy,success,80.9159659247439,1.139423086610611e-06,1.8149669468663454e-05,19.08390741540105,5.206684311405728e-05,1.1218738290768573e-13,5.386099741402299e-05
happy_extra_0001.jpg,images/happy/happy_extra_0001.jpg,happy,happy,success,91.5842592716217,0.03595907473936677,0.001201373197545763,0.00034087145195371704,0.9507778100669384,2.2985587122548168e-05,7.427442818880081
happy_extra_0029.jpg,images/happy/happy_extra_0029.jpg,happy,happy,success,99.69360828399658,1.3423446798555005e-07,8.997180778180791e-09,0.3058382775634527,0.0005393281753640622,1.0349094458077038e-16,1.9894423530786298e-05
happy_250extra_0063.jpg,images/happy/happy_250extra_0063.jpg,happy,happy,success,99.9760389313721,8.792177288470731e-07,4.937785891385006e-09,1.7992523821915037e-08,0.023961832603493043,3.5177284532103703e-16,7.265689134795767e-12
000040.jpg,images/happy/000040.jpg,happy,happy,success,99.48537951882129,2.611605620185233e-08,1.2107323180355807e-12,4.174852673820126e-09,0.5146168955872183,8.869245312938218e-18,2.0558359623050095e-12
000054.jpg,images/happy/000054.jpg,happy,happy,success,99.98608827590942,1.2461885690040475e-08,1.3726422221083112e-07,9.612103647749226e-10,0.013915053568780422,7.95332703131858e-15,1.6505321957273333e-11
happy_250extra_0077.jpg,images/happy/happy_250extra_0077.jpg,happy,happy,success,99.98923540115356,2.601798314572079e-05,0.006942193431314081,4.7316680706899206e-05,0.00041980088099080604,1.2831126161572115e-07,0.003332626147312112
000068.jpg,images/happy/000068.jpg,happy,happy,success,97.26972563682351,1.0801216121387596e-08,4.449164392586685e-10,3.551355616984112e-05,2.7302376690648598,1.760603147764527e-19,6.226084709677254e-13
happy_250extra_0088.jpg,images/happy/happy_250extra_0088.jpg,happy,happy,success,99.99856352797529,0.0011098442634963736,6.527374030657868e-08,0.0003295971933771231,5.40650623188598e-07,1.741062652527134e-17,1.344221703022789e-06
happy_250extra_0089.jpg,images/happy/happy_250extra_0089.jpg,happy,happy,success,99.998939037323,0.0010046621355286334,2.1123918586551937e-09,5.546193726502224e-07,5.572581471824378e-05,1.0349148257128597e-18,1.5598268119851322e-10
000069.jpg,images/happy/000069.jpg,happy,happy,success,100.0,4.889498181337437e-09,7.123840900962245e-14,2.4412842145606582e-14,1.0929831262274092e-06,1.9443646376661194e-22,3.1326631826783524e-10
happy_250extra_0076.jpg,images/happy/happy_250extra_0076.jpg,happy,happy,success,97.26972563682351,1.0801216121387596e-08,4.449164392586685e-10,3.551355616984112e-05,2.7302376690648598,1.760603147764527e-19,6.226084709677254e-13
happy_250extra_0062.jpg,images/happy/happy_250extra_0062.jpg,happy,happy,success,99.81080291399991,0.06556695061043806,0.0002866388627538336,0.05627637817838826,0.06706791099597943,1.5720903728964426e-13,4.4304791787731274e-07
000041.jpg,images/happy/000041.jpg,happy,happy,success,99.9962568283081,1.2371051719920617e-11,4.270329044378968e-14,4.143675180756645e-07,0.003740886677405797,5.063542745015346e-22,3.119404498451466e-14
happy_extra_0028.jpg,images/happy/happy_extra_0028.jpg,happy,failed,no_face_detected,,,,,,,
happy_extra_0014.jpg,images/happy/happy_extra_0014.jpg,happy,happy,success,99.9545156955719,7.328790019300868e-06,3.64412073108368e-12,1.761121097842988e-05,0.045463512651622295,1.7820057353290362e-19,3.6264504853916746e-10
happy17.png,images/happy/happy17.png,happy,happy,success,99.99889135360718,1.9270796290401344e-14,1.4857200879145365e-16,1.7668411872451273e-09,0.0011140833521494642,7.557499447502984e-30,4.8675035209931606e-20
000109.jpg,images/happy/000109.jpg,happy,happy,success,99.99096393585205,2.492763374190021e-10,5.814366864495199e-12,1.6042618622424953e-08,0.009039832366397604,5.0797915293777656e-24,1.1093933790143781e-15
happy_250extra_0102.jpg,images/happy/happy_250extra_0102.jpg,happy,failed,no_face_detected,,,,,,,
happy_250extra_0116.jpg,images/happy/happy_250extra_0116.jpg,happy,happy,success,99.9914288520813,2.4468570813951374e-05,3.107339385799435e-08,4.4473122073895865e-06,0.008544427691958845,8.961787847498874e-18,1.5975509110033315e-09
happy26.png,images/happy/happy26.png,happy,happy,success,99.93164539337158,2.430196072589902e-11,1.3419535538724367e-15,3.3135563737296536e-09,0.06835525273345411,3.162108509457033e-23,8.526206515537695e-15
happy32.png,images/happy/happy32.png,happy,happy,success,99.79975819587708,4.74641635317966e-14,7.678213563143981e-18,1.7791276785139587e-08,0.20024029072374105,1.1467255959538505e-30,1.0521032213134117e-20
000110.jpg,images/happy/000110.jpg,happy,happy,success,99.99997615814209,7.497048636192702e-12,1.1106423158935286e-05,7.418897310720873e-12,1.6632282040518476e-05,4.721902769518922e-20,3.1788655231344484e-13
happy_extra_0019.jpg,images/happy/happy_extra_0019.jpg,happy,happy,success,99.55888991845967,0.014142911592225839,5.9364337829717905e-05,0.17984553890281452,0.2469502560704641,1.023002949191881e-08,0.00011134220395083925
happy_extra_0031.jpg,images/happy/happy_extra_0031.jpg,happy,happy,success,99.99977946280119,3.041946598295891e-08,1.5654835065134656e-12,4.4497620048597794e-10,0.00022269713517260192,6.20135377639999e-17,2.523976750570485e-14
happy_extra_0025.jpg,images/happy/happy_extra_0025.jpg,happy,happy,success,99.98065829277039,8.169045301320565e-10,6.297452396563798e-15,1.2084505618403796e-07,0.01934764441102743,5.967845081789858e-20,3.1171655534567577e-09
happy_250extra_0047.jpg,images/happy/happy_250extra_0047.jpg,happy,happy,success,99.05983204006148,0.0037261112485743315,0.003653358944053736,4.5416185521521705e-06,0.9326048751237914,1.6630184332762336e-08,0.00018026158778741176
happy_250extra_0053.jpg,images/happy/happy_250extra_0053.jpg,happy,happy,success,98.71309987980723,0.0383303785493078,0.022149400184919697,0.06269232045142772,1.129349015912355,3.549890761992757e-05,0.03434268496737987
happy_250extra_0084.jpg,images/happy/happy_250extra_0084.jpg,happy,happy,success,99.94199275970459,2.4444180945874805e-11,4.199993016625747e-17,3.647610425511205e-10,0.058006850304082036,1.5137774756329986e-27,9.851579731632344e-20
happy_250extra_0090.jpg,images/happy/happy_250extra_0090.jpg,happy,happy,success,99.98182654380798,2.4987716784607983e-06,2.3629867507146685e-08,3.861863007159627e-06,0.01817241864046082,1.4899472172529016e-12,1.3743799054020088e-12
happy_250extra_0091.jpg,images/happy/happy_250extra_0091.jpg,happy,happy,success,98.93947243690491,0.0002100090796375298,2.3057866727071996e-07,0.05190918454900384,1.0084099136292934,1.5980489196730379e-15,2.12227080353955e-07
happy_250extra_0085.jpg,images/happy/happy_250extra_0085.jpg,happy,happy,success,99.99240636825562,4.600884118133308e-07,8.505448081952416e-10,4.732661484929679e-09,0.0075972908234689385,9.525772229491264e-15,7.785467691541481e-11
happy_250extra_0052.jpg,images/happy/happy_250extra_0052.jpg,happy,happy,success,99.98182654380798,2.4987716784607983e-06,2.3629867507146685e-08,3.861863007159627e-06,0.01817241864046082,1.4899472172529016e-12,1.3743799054020088e-12
000071.jpg,images/happy/000071.jpg,happy,failed,no_face_detected,,,,,,,
000065.jpg,images/happy/000065.jpg,happy,happy,success,99.98531937511679,0.0025145520019520338,9.321050229904674e-05,7.953817989811265e-06,0.011488993143705243,2.0257895527828177e-09,0.0005757099076888376
happy_250extra_0046.jpg,images/happy/happy_250extra_0046.jpg,happy,happy,success,99.88985061645508,6.340218905442896e-08,6.888714598751733e-09,0.1037549925968051,0.006393101648427546,5.246539446086e-16,3.9262579853982515e-07
000059.jpg,images/happy/000059.jpg,happy,happy,success,99.94786977457224,3.044991569419442e-05,9.474927647669445e-05,0.0003460176891863878,0.04823239865887306,1.7074022381107885e-08,0.0034281276609051696
happy_extra_0024.jpg,images/happy/happy_extra_0024.jpg,happy,happy,success,98.56848112156875,3.666158706422836e-08,1.6161153240818247e-09,1.0936619373630753e-06,1.4315200891506725,4.171094838125781e-19,2.9665111519438497e-12
happy_extra_0030.jpg,images/happy/happy_extra_0030.jpg,happy,happy,success,99.99941587455083,8.720296361303457e-09,6.361335178847e-10,0.0005045667729659034,7.43724424427048e-05,9.828399176027826e-21,2.7017955760398995e-07
happy_extra_0018.jpg,images/happy/happy_extra_0018.jpg,happy,happy,success,100.0,1.3959772656174793e-14,8.047184899319257e-15,4.1118567968914665e-11,7.904988885698572e-08,7.137040771096627e-27,1.2843987386641575e-19
happy33.png,images/happy/happy33.png,happy,happy,success,99.9999821186055,5.223265707923133e-11,1.0150110231994283e-14,6.471800511992057e-13,1.9513771318410832e-05,3.556306846614749e-20,1.0870506337180977e-15
happy27.png,images/happy/happy27.png,happy,happy,success,99.01706576347351,2.381442959498159e-09,1.9524152260197436e-10,6.850839895378158e-05,0.9828670881688595,5.199251078186196e-23,2.375479641551076e-11
happy31.png,images/happy/happy31.png,happy,happy,success,99.9779999256134,1.1536423942873353e-10,7.472703331689749e-16,8.03514623726187e-06,0.021994748385623097,8.951143850212172e-28,3.7431230325136826e-14
happy25.png,images/happy/happy25.png,happy,happy,success,99.9963641166687,1.4229635525442319e-08,3.0410812756898054e-09,1.7007531494250827e-08,0.003633504456956871,1.4552437903599482e-13,5.822464288485207e-07
happy19.png,images/happy/happy19.png,happy,happy,success,98.87577904751551,1.3295166048579627e-06,4.445805172765054e-10,2.59842782956536e-07,1.1242169477979007,2.9353266325563626e-18,2.546017292460012e-11
happy_extra_0026.jpg,images/happy/happy_extra_0026.jpg,happy,happy,success,96.68799638748169,2.6157065402543367e-08,5.836048224544532e-10,3.443296918703709e-05,3.311973065137863,7.607136614981942e-19,8.999776733586724e-13
happy_extra_0032.jpg,images/happy/happy_extra_0032.jpg,happy,fear,success,0.017970411863643676,8.287778496742249,0.0027639613108476624,15.199577808380127,0.031366804614663124,6.526108321282253e-11,76.4605462551117
happy_250extra_0078.jpg,images/happy/happy_250extra_0078.jpg,happy,happy,success,99.9494194984436,0.009154962754109874,9.937441802776448e-06,1.1399185068095008e-08,0.041415810119360685,7.173521332504151e-07,2.5248088064699914e-07
happy_250extra_0050.jpg,images/happy/happy_250extra_0050.jpg,happy,failed,no_face_detected,,,,,,,
happy_250extra_0044.jpg,images/happy/happy_250extra_0044.jpg,happy,angry,success,1.9785904026292656e-07,14.652635157108307,82.4026107788086,1.5057676705509948e-05,0.0012123057786084246,9.21090848038375e-07,2.943524904549122
000067.jpg,images/happy/000067.jpg,happy,happy,success,99.99977946280119,3.041946598295891e-08,1.5654835065134656e-12,4.4497620048597794e-10,0.00022269713517260192,6.20135377639999e-17,2.523976750570485e-14
000098.jpg,images/happy/000098.jpg,happy,happy,success,96.51852887648,0.015503530055795007,0.00011219955039794562,3.6766770841409936e-05,1.492732771607307,1.549666237117114e-05,1.973065126172885
happy_250extra_0093.jpg,images/happy/happy_250extra_0093.jpg,happy,happy,success,99.9545156955719,7.328790019300868e-06,3.64412073108368e-12,1.761121097842988e-05,0.045463512651622295,1.7820057353290362e-19,3.6264504853916746e-10
happy_250extra_0087.jpg,images/happy/happy_250extra_0087.jpg,happy,happy,success,99.97314810752869,1.0475764006256938e-08,1.246367646676877e-11,2.305633444166233e-05,0.026829930720850825,1.5551484586534092e-16,7.715707413258333e-11
happy_250extra_0086.jpg,images/happy/happy_250extra_0086.jpg,happy,happy,success,99.99924302096623,7.164435271031711e-10,1.3929381916331082e-09,8.672656354857469e-06,0.0007494365028060844,3.8238142655764374e-19,5.110354222415184e-07
happy_250extra_0092.jpg,images/happy/happy_250extra_0092.jpg,happy,happy,success,100.0,7.141939559825346e-13,1.1143369825862706e-16,3.9023101153499064e-20,4.295230891879914e-11,1.6481535763218244e-30,1.896565977696968e-21
happy_250extra_0045.jpg,images/happy/happy_250extra_0045.jpg,happy,happy,success,99.99096393585205,2.492763374190021e-10,5.814366864495199e-12,1.6042618622424953e-08,0.009039832366397604,5.0797915293777656e-24,1.1093933790143781e-15
000066.jpg,images/happy/000066.jpg,happy,happy,success,82.27987779855,0.0006828272896653009,0.02103650311132539,16.053662660936276,0.00027092257164911795,1.2441411143474718e-08,1.6444749247714832
000072.jpg,images/happy/000072.jpg,happy,happy,success,99.90094303494352,1.0347315621569738e-06,1.7100275340813421e-09,5.543504319599071e-08,0.09905479973136185,2.462388960128883e-12,5.070982825035394e-08
happy_250extra_0051.jpg,images/happy/happy_250extra_0051.jpg,happy,happy,success,66.21796488761902,10.074049234390259,20.88233232498169,0.09715677588246763,0.021406773885246366,0.0032196217944147065,2.703874558210373
happy_250extra_0079.jpg,images/happy/happy_250extra_0079.jpg,happy,happy,success,98.32067489624023,6.656608064758984e-06,4.820382426551362e-08,0.028657636721618474,1.6506602987647057,4.98599293869119e-15,1.3027741385673863e-08
happy_extra_0033.jpg,images/happy/happy_extra_0033.jpg,happy,happy,success,99.42026134850153,5.403209437740528e-05,0.001379110099497993,0.5687248766407297,4.289115451994321e-06,3.672107934975188e-12,0.009578656888831446
happy_extra_0027.jpg,images/happy/happy_extra_0027.jpg,happy,happy,success,99.99778270721436,9.190536176604917e-14,1.0390494847735317e-16,2.5061045903426726e-11,0.002216611392213963,3.8636460563513883e-31,8.881469387521284e-23
happy18.png,images/happy/happy18.png,happy,happy,success,99.99830126752265,4.776955415557932e-12,3.189899799712938e-15,4.206506050744925e-13,0.001701410211811544,5.704434037039016e-20,1.2090826322077648e-16
happy24.png,images/happy/happy24.png,happy,happy,success,99.99665021896362,0.0033348667784594,1.1388172183046663e-06,2.2842963076641354e-06,9.505401976639405e-06,1.2219390777001848e-08,4.057622149389317e-06
happy30.png,images/happy/happy30.png,happy,happy,success,99.92646575850657,5.250935202411184e-05,0.013235719111587808,0.0006810828024109604,0.05956485273847249,3.419910469326309e-14,1.6236439589063039e-06
000116.jpg,images/happy/000116.jpg,happy,happy,success,99.05983204006148,0.0037261112485743315,0.003653358944053736,4.5416185521521705e-06,0.9326048751237914,1.6630184332762336e-08,0.00018026158778741176
happy34.png,images/happy/happy34.png,happy,happy,success,99.9998927116394,4.931326402144665e-18,1.1654940095748781e-18,7.785388985240022e-13,0.00011035385796276387,2.3586337771109874e-32,2.8034743953579675e-21
happy20.png,images/happy/happy20.png,happy,happy,success,99.9996542930603,1.8792964146668867e-10,2.116392055234287e-16,1.4682556457978728e-14,0.0003514489662848064,1.2250290950187633e-29,2.2379102881261154e-20
happy_250extra_0109.jpg,images/happy/happy_250extra_0109.jpg,happy,happy,success,91.5842592716217,0.03595907473936677,0.001201373197545763,0.00034087145195371704,0.9507778100669384,2.2985587122548168e-05,7.427442818880081
happy_extra_0023.jpg,images/happy/happy_extra_0023.jpg,happy,happy,success,99.99440312352199,2.6586359699703264e-09,2.4766953854078135e-08,1.321321776646037e-09,0.005597735768654467,1.1700779000351834e-15,5.7286691557318034e-12
happy_extra_0037.jpg,images/happy/happy_extra_0037.jpg,happy,happy,success,99.40314888954163,0.005561427315114997,0.0010692134310374968,4.9337290874973405e-05,0.5900704767554998,5.141608028225164e-06,9.757434327184455e-05
happy_250extra_0055.jpg,images/happy/happy_250extra_0055.jpg,happy,happy,success,99.90094303494352,1.0347315621569738e-06,1.7100275340813421e-09,5.543504319599071e-08,0.09905479973136185,2.462388960128883e-12,5.070982825035394e-08
000076.jpg,images/happy/000076.jpg,happy,happy,success,99.6592521464379,2.3028124834512706e-11,7.571062175237676e-16,1.008849597375017e-06,0.3407484589218175,9.439774777303408e-26,3.927457422091175e-15
000062.jpg,images/happy/000062.jpg,happy,happy,success,99.69360828399658,1.3423446798555005e-07,8.997180778180791e-09,0.3058382775634527,0.0005393281753640622,1.0349094458077038e-16,1.9894423530786298e-05
happy_250extra_0041.jpg,images/happy/happy_250extra_0041.jpg,happy,happy,success,91.5842592716217,0.03595907473936677,0.001201373197545763,0.00034087145195371704,0.9507778100669384,2.2985587122548168e-05,7.427442818880081
happy_250extra_0069.jpg,images/happy/happy_250extra_0069.jpg,happy,happy,success,100.0,4.889498181337437e-09,7.123840900962245e-14,2.4412842145606582e-14,1.0929831262274092e-06,1.9443646376661194e-22,3.1326631826783524e-10
happy_250extra_0096.jpg,images/happy/happy_250extra_0096.jpg,happy,happy,success,97.26972563682351,1.0801216121387596e-08,4.449164392586685e-10,3.551355616984112e-05,2.7302376690648598,1.760603147764527e-19,6.226084709677254e-13
happy_250extra_0082.jpg,images/happy/happy_250extra_0082.jpg,happy,happy,success,99.98594522476196,5.280296644372129e-07,8.579893240323599e-07,3.391807297248306e-05,0.013982850941829383,4.433115541324639e-08,3.3887295103340875e-05
000089.jpg,images/happy/000089.jpg,happy,happy,success,99.24113750457764,5.34378314168138e-10,1.0931080124182077e-11,2.8368848936644042e-08,0.7588674314320087,2.6245456550890297e-23,6.157038156710676e-15
000088.jpg,images/happy/000088.jpg,happy,happy,success,94.26738023757935,0.0001430179054295877,9.469801609540696e-08,1.57288635449504e-06,5.732478201389313,8.366112571591908e-12,4.664167940759967e-08
happy_250extra_0083.jpg,images/happy/happy_250extra_0083.jpg,happy,happy,success,99.99890327453613,1.1044602732379616e-08,1.7498278733713642e-13,3.701006834333498e-07,0.0010952433513011783,9.234727001631888e-25,9.362081524247595e-14
happy_250extra_0097.jpg,images/happy/happy_250extra_0097.jpg,happy,happy,success,99.98065829277039,8.169045301320565e-10,6.297452396563798e-15,1.2084505618403796e-07,0.01934764441102743,5.967845081789858e-20,3.1171655534567577e-09
happy_250extra_0068.jpg,images/happy/happy_250extra_0068.jpg,happy,happy,success,99.99873638153076,2.3174431124095562e-09,2.971916549660003e-10,3.395346503953789e-08,0.0012638436601264402,4.1541948695420415e-17,3.896844954061557e-13
000063.jpg,images/happy/000063.jpg,happy,fear,success,0.017970411863643676,8.287778496742249,0.0027639613108476624,15.199577808380127,0.031366804614663124,6.526108321282253e-11,76.4605462551117
happy_250extra_0040.jpg,images/happy/happy_250extra_0040.jpg,happy,happy,success,99.99911785136248,7.953669131510972e-14,9.1372033783772e-15,1.700233493372248e-05,0.0008634263275134657,6.643760606832025e-23,4.936016910075749e-16
happy_250extra_0054.jpg,images/happy/happy_250extra_0054.jpg,happy,happy,success,98.99617445514507,0.00040186314193032944,0.0008946965706221191,0.41020251577168515,1.7307397894441915e-05,3.999065412909337e-11,0.5923074429711768
happy_extra_0036.jpg,images/happy/happy_extra_0036.jpg,happy,happy,success,97.26972563682351,1.0801216121387596e-08,4.449164392586685e-10,3.551355616984112e-05,2.7302376690648598,1.760603147764527e-19,6.226084709677254e-13
happy_extra_0022.jpg,images/happy/happy_extra_0022.jpg,happy,failed,no_face_detected,,,,,,,
happy_250extra_0108.jpg,images/happy/happy_250extra_0108.jpg,happy,happy,success,97.15211357499523,0.10635975153562445,5.335431932804326e-06,1.2462363183791744e-08,2.741524345162433,1.9434244976342012e-06,2.291690666198955e-07
happy21.png,images/happy/happy21.png,happy,happy,success,99.9673843383789,1.1448286763027227e-07,3.6913500034430058e-09,0.00025214233119186247,0.03236568591091782,2.6794097267544226e-15,7.881133246012695e-10
happy35.png,images/happy/happy35.png,happy,happy,success,99.99993443488684,2.198281022114322e-12,3.771665885364794e-15,6.92001011661249e-09,6.671431094417956e-05,7.202645897477452e-28,1.680164190484471e-17
000117.jpg,images/happy/000117.jpg,happy,happy,success,99.94760156302434,4.837689138789218e-06,1.0670722588024137e-06,0.013928346538144763,0.0384471711737682,4.4958733520713e-11,1.5102223092545878e-05
000115.jpg,images/happy/000115.jpg,happy,happy,success,99.88985061645508,6.340218905442896e-08,6.888714598751733e-09,0.1037549925968051,0.006393101648427546,5.246539446086e-16,3.9262579853982515e-07
happy23.png,images/happy/happy23.png,happy,happy,success,99.99999403953517,1.1436303432810896e-11,9.821416726704164e-12,8.059596765019946e-11,7.279868875315048e-06,2.919928385595477e-22,2.061356336429943e-16
000129.jpg,images/happy/000129.jpg,happy,happy,success,99.89215135574341,6.858548999844061e-05,3.4350367172919505e-05,0.0022090200218372047,5.138753778055616e-06,4.3920020398324766e-08,0.10552931344136596
happy37.png,images/happy/happy37.png,happy,happy,success,96.07119560241699,5.4197658982957364e-05,0.0002447377028147457,0.001216669443238061,3.927285224199295,5.7821493903639776e-11,5.046718598578082e-06
happy_extra_0034.jpg,images/happy/happy_extra_0034.jpg,happy,happy,success,99.44978356361389,1.334350598763967e-10,3.5889436496468197e-12,0.5495999939739704,0.0006120775651652366,5.061726672426103e-26,7.642881327818429e-08
happy_extra_0020.jpg,images/happy/happy_extra_0020.jpg,happy,happy,success,97.15211357499523,0.10635975153562445,5.335431932804326e-06,1.2462363183791744e-08,2.741524345162433,1.9434244976342012e-06,2.291690666198955e-07
happy_extra_0008.jpg,images/happy/happy_extra_0008.jpg,happy,failed,no_face_detected,,,,,,,
happy_250extra_0042.jpg,images/happy/happy_250extra_0042.jpg,happy,happy,success,99.95479583470797,4.5849997644734637e-07,6.107872350018417e-08,1.4495464027119208e-08,0.04520173512204648,1.8813843650829307e-16,1.2292903160041988e-11
000061.jpg,images/happy/000061.jpg,happy,failed,no_face_detected,,,,,,,
happy_250extra_0056.jpg,images/happy/happy_250extra_0056.jpg,happy,happy,success,97.15211357499523,0.10635975153562445,5.335431932804326e-06,1.2462363183791744e-08,2.741524345162433,1.9434244976342012e-06,2.291690666198955e-07
000049.jpg,images/happy/000049.jpg,happy,happy,success,99.55888991845967,0.014142911592225839,5.9364337829717905e-05,0.17984553890281452,0.2469502560704641,1.023002949191881e-08,0.00011134220395083925
happy_250extra_0081.jpg,images/happy/happy_250extra_0081.jpg,happy,happy,success,100.0,2.0980017457220896e-14,5.82099426977077e-20,7.401731227929531e-07,1.0230053566415154e-10,0.0,2.6845133504352975e-20
happy_250extra_0095.jpg,images/happy/happy_250extra_0095.jpg,happy,happy,success,99.99096393585205,2.492763374190021e-10,5.814366864495199e-12,1.6042618622424953e-08,0.009039832366397604,5.0797915293777656e-24,1.1093933790143781e-15
happy_250extra_0094.jpg,images/happy/happy_250extra_0094.jpg,happy,happy,success,99.93817805506922,4.319041639615012e-05,1.3952509215363917e-09,1.1131265015518733e-07,0.06178213088597428,7.45390472104682e-15,3.474776870378366e-10
happy_250extra_0080.jpg,images/happy/happy_250extra_0080.jpg,happy,happy,success,99.95479583470797,4.5849997644734637e-07,6.107872350018417e-08,1.4495464027119208e-08,0.04520173512204648,1.8813843650829307e-16,1.2292903160041988e-11
happy_250extra_0057.jpg,images/happy/happy_250extra_0057.jpg,happy,happy,success,99.97100233685998,0.010447436006294386,0.00012530086125792377,0.00044784961455711223,0.01796312640586885,7.095679751426345e-09,1.3701530789046086e-05
happy_250extra_0043.jpg,images/happy/happy_250extra_0043.jpg,happy,happy,success,100.0,1.8903706364897093e-19,4.996141846590196e-12,1.985119980947224e-15,9.736126349579877e-08,0.0,1.294448619391263e-25
000060.jpg,images/happy/000060.jpg,happy,happy,success,99.98998641967773,8.65120065293495e-14,8.95175479290346e-17,7.621196967781685e-11,0.010017523163696751,2.7348647490048246e-31,9.703668294154034e-24
happy_extra_0009.jpg,images/happy/happy_extra_0009.jpg,happy,happy,success,99.98182654380798,2.4987716784607983e-06,2.3629867507146685e-08,3.861863007159627e-06,0.01817241864046082,1.4899472172529016e-12,1.3743799054020088e-12
happy_extra_0021.jpg,images/happy/happy_extra_0021.jpg,happy,happy,success,99.98706579208374,5.171001647708007e-10,1.7879568497337797e-14,6.217646704572907e-12,0.012935091217514127,6.685570928199108e-22,4.7140632137310645e-18
happy_extra_0035.jpg,images/happy/happy_extra_0035.jpg,happy,happy,success,82.27987779855,0.0006828272896653009,0.02103650311132539,16.053662660936276,0.00027092257164911795,1.2441411143474718e-08,1.6444749247714832
happy36.png,images/happy/happy36.png,happy,happy,success,99.2709755897522,9.266271083774313e-09,8.328809918221186e-12,1.4618606325456085e-07,0.7290251087397337,1.3151564790012663e-21,2.098079930833588e-15
happy22.png,images/happy/happy22.png,happy,happy,success,96.21402070355168,2.7635814606327138e-05,5.176694721949634e-06,0.0027190530487207786,3.7832292874778166,9.36833554519304e-09,1.8093838713083411e-07
000114.jpg,images/happy/000114.jpg,happy,happy,success,99.97100233685998,0.010447436006294386,0.00012530086125792377,0.00044784961455711223,0.01796312640586885,7.095679751426345e-09,1.3701530789046086e-05
000198.jpg,images/happy/000198.jpg,happy,happy,success,99.99479055404663,6.096878557571017e-09,4.4314573711956573e-10,5.6782595292403926e-08,0.0052084265917073935,3.1644240134290832e-21,1.2230697301769396e-13
000205.jpg,images/happy/000205.jpg,happy,happy,success,80.84368705749512,1.1241735890507698,0.026554582291282713,6.152426976768766e-05,17.388354241847992,0.010337943967897445,0.6068363785743713
happy_250extra_0018.jpg,images/happy/happy_250extra_0018.jpg,happy,happy,success,99.99096393585205,2.492763374190021e-10,5.814366864495199e-12,1.6042618622424953e-08,0.009039832366397604,5.0797915293777656e-24,1.1093933790143781e-15
happy_250extra_0024.jpg,images/happy/happy_250extra_0024.jpg,happy,happy,success,99.99440312352199,2.6586359699703264e-09,2.4766953854078135e-08,1.321321776646037e-09,0.005597735768654467,1.1700779000351834e-15,5.7286691557318034e-12
happy_250extra_0030.jpg,images/happy/happy_250extra_0030.jpg,happy,happy,success,99.69360828399658,1.3423446798555005e-07,8.997180778180791e-09,0.3058382775634527,0.0005393281753640622,1.0349094458077038e-16,1.9894423530786298e-05
happy_250extra_0031.jpg,images/happy/happy_250extra_0031.jpg,happy,happy,success,99.99941587455083,8.720296361303457e-09,6.361335178847e-10,0.0005045667729659034,7.43724424427048e-05,9.828399176027826e-21,2.7017955760398995e-07
happy_250extra_0025.jpg,images/happy/happy_250extra_0025.jpg,happy,happy,success,98.56848112156875,3.666158706422836e-08,1.6161153240818247e-09,1.0936619373630753e-06,1.4315200891506725,4.171094838125781e-19,2.9665111519438497e-12
happy_250extra_0019.jpg,images/happy/happy_250extra_0019.jpg,happy,happy,success,100.0,7.141939559825346e-13,1.1143369825862706e-16,3.9023101153499064e-20,4.295230891879914e-11,1.6481535763218244e-30,1.896565977696968e-21
000210.jpg,images/happy/000210.jpg,happy,happy,success,80.9159659247439,1.139423086610611e-06,1.8149669468663454e-05,19.08390741540105,5.206684311405728e-05,1.1218738290768573e-13,5.386099741402299e-05
000204.jpg,images/happy/000204.jpg,happy,failed,no_face_detected,,,,,,,
000199.jpg,images/happy/000199.jpg,happy,happy,success,99.99821782101499,3.992308452155204e-14,4.276001905366084e-15,0.0014731094748110104,0.000311716185413963,3.60582678508269e-30,8.914187882735601e-17
000166.jpg,images/happy/000166.jpg,happy,happy,success,99.99924302096623,7.164435271031711e-10,1.3929381916331082e-09,8.672656354857469e-06,0.0007494365028060844,3.8238142655764374e-19,5.110354222415184e-07
000164.jpg,images/happy/000164.jpg,happy,happy,success,99.90094303494352,1.0347315621569738e-06,1.7100275340813421e-09,5.543504319599071e-08,0.09905479973136185,2.462388960128883e-12,5.070982825035394e-08
000038.jpg,images/happy/000038.jpg,happy,failed,no_face_detected,,,,,,,
happy_250extra_0033.jpg,images/happy/happy_250extra_0033.jpg,happy,happy,success,93.56179237365723,2.8715116950905895e-07,2.8476307534219814e-05,6.4374759793281555,0.0007028995241853409,2.3708433664802145e-14,1.662354520703957e-06
happy_250extra_0027.jpg,images/happy/happy_250extra_0027.jpg,happy,happy,success,96.68799638748169,2.6157065402543367e-08,5.836048224544532e-10,3.443296918703709e-05,3.311973065137863,7.607136614981942e-19,8.999776733586724e-13
happy_250extra_0026.jpg,images/happy/happy_250extra_0026.jpg,happy,happy,success,99.98065829277039,8.169045301320565e-10,6.297452396563798e-15,1.2084505618403796e-07,0.01934764441102743,5.967845081789858e-20,3.1171655534567577e-09
happy_250extra_0032.jpg,images/happy/happy_250extra_0032.jpg,happy,happy,success,99.99977946280119,3.041946598295891e-08,1.5654835065134656e-12,4.4497620048597794e-10,0.00022269713517260192,6.20135377639999e-17,2.523976750570485e-14
000039.jpg,images/happy/000039.jpg,happy,happy,success,99.98182654380798,2.4987716784607983e-06,2.3629867507146685e-08,3.861863007159627e-06,0.01817241864046082,1.4899472172529016e-12,1.3743799054020088e-12
000213.jpg,images/happy/000213.jpg,happy,happy,success,99.98182654380798,2.4987716784607983e-06,2.3629867507146685e-08,3.861863007159627e-06,0.01817241864046082,1.4899472172529016e-12,1.3743799054020088e-12
000175.jpg,images/happy/000175.jpg,happy,happy,success,99.98716115951538,9.702617181917006e-09,2.8954532223621654e-14,3.195949616063842e-08,0.012837648682761937,1.0325319135764586e-21,1.0700449696842145e-13
happy_extra_0040.jpg,images/happy/happy_extra_0040.jpg,happy,happy,success,99.99911785136248,7.953669131510972e-14,9.1372033783772e-15,1.700233493372248e-05,0.0008634263275134657,6.643760606832025e-23,4.936016910075749e-16
000217.jpg,images/happy/000217.jpg,happy,happy,success,99.801105260849,1.1321877479986142e-05,6.937425078845649e-08,3.4062914266996813e-06,0.19888128153979778,8.62859757873747e-15,2.1310274378461003e-08
happy_250extra_0036.jpg,images/happy/happy_250extra_0036.jpg,happy,happy,success,99.99942779541016,1.0348516314706568e-09,1.5762867572862783e-14,3.693380323799289e-08,0.0005757972303399583,6.4615024865830215e-28,8.0272716841249e-15
happy_250extra_0022.jpg,images/happy/happy_250extra_0022.jpg,happy,happy,success,99.98706579208374,5.171001647708007e-10,1.7879568497337797e-14,6.217646704572907e-12,0.012935091217514127,6.685570928199108e-22,4.7140632137310645e-18
000029.jpg,images/happy/000029.jpg,happy,happy,success,96.51852887648,0.015503530055795007,0.00011219955039794562,3.6766770841409936e-05,1.492732771607307,1.549666237117114e-05,1.973065126172885
happy_250extra_0023.jpg,images/happy/happy_250extra_0023.jpg,happy,happy,success,99.5237946510315,4.081340421180357e-05,2.884482874776495e-06,0.002576488441263791,0.47358833253383636,2.626224329472978e-15,1.4153848232334454e-09
happy_250extra_0037.jpg,images/happy/happy_250extra_0037.jpg,happy,happy,success,99.40314888954163,0.005561427315114997,0.0010692134310374968,4.9337290874973405e-05,0.5900704767554998,5.141608028225164e-06,9.757434327184455e-05
000202.jpg,images/happy/000202.jpg,happy,happy,success,99.99940991398155,1.4514399662558407e-10,3.000944935891392e-15,1.4114540975309134e-15,0.000590154321504409,4.6271314615873814e-23,1.0044910574474892e-19
000189.jpg,images/happy/000189.jpg,happy,happy,success,100.0,8.607287420924633e-16,1.8998577833208903e-24,5.661794275600707e-11,9.799674499611985e-12,0.0,5.7271216255904175e-27
000200.jpg,images/happy/000200.jpg,happy,happy,success,100.0,7.141939559825346e-13,1.1143369825862706e-16,3.9023101153499064e-20,4.295230891879914e-11,1.6481535763218244e-30,1.896565977696968e-21
happy_250extra_0021.jpg,images/happy/happy_250extra_0021.jpg,happy,happy,success,99.55888991845967,0.014142911592225839,5.9364337829717905e-05,0.17984553890281452,0.2469502560704641,1.023002949191881e-08,0.00011134220395083925
happy_250extra_0035.jpg,images/happy/happy_250extra_0035.jpg,happy,happy,success,99.44978356361389,1.334350598763967e-10,3.5889436496468197e-12,0.5495999939739704,0.0006120775651652366,5.061726672426103e-26,7.642881327818429e-08
happy_250extra_0009.jpg,images/happy/happy_250extra_0009.jpg,happy,failed,no_face_detected,,,,,,,
happy_250extra_0008.jpg,images/happy/happy_250extra_0008.jpg,happy,happy,success,99.99856352797529,0.0011098442634963736,6.527374030657868e-08,0.0003295971933771231,5.40650623188598e-07,1.741062652527134e-17,1.344221703022789e-06
happy_250extra_0034.jpg,images/happy/happy_250extra_0034.jpg,happy,happy,success,99.75866076453457,0.000127826960355865,0.001388474613113562,0.23919779864821417,0.00011429741787759773,1.4088109800930334e-11,0.0005108180329934305
happy_250extra_0020.jpg,images/happy/happy_250extra_0020.jpg,happy,happy,success,100.0,1.3959772656174793e-14,8.047184899319257e-15,4.1118567968914665e-11,7.904988885698572e-08,7.137040771096627e-27,1.2843987386641575e-19
000229.jpg,images/happy/000229.jpg,happy,failed,no_face_detected,,,,,,,
000201.jpg,images/happy/000201.jpg,happy,happy,success,96.6728685303252,4.778772662648483e-08,7.739441060120675e-11,7.871267662757325e-07,3.327130352087638,5.960838458978982e-23,1.4756026196024408e-15
000188.jpg,images/happy/000188.jpg,happy,happy,success,99.48537951882129,2.611605620185233e-08,1.2107323180355807e-12,4.174852673820126e-09,0.5146168955872183,8.869245312938218e-18,2.0558359623050095e-12
sad_250extra_0089.jpg,images/sad/sad_250extra_0089.jpg,sad,sad,success,0.013555772602558136,82.119619846344,1.5867888927459717,0.15894233947619796,2.643374726176262,0.002162894088542089,13.475552201271057
sad_250extra_0071.jpeg,images/sad/sad_250extra_0071.jpeg,sad,sad,success,6.451814442698378e-05,80.30340671539307,0.003572049899958074,5.410559587165631e-10,1.3972167423048631e-06,7.789428824178657e-12,19.692957401275635
000184.jpg,images/sad/000184.jpg,sad,angry,success,0.01885269011836499,39.26308453083038,55.16706705093384,0.0045423694245982915,4.6623170375823975,0.0003930041657440597,0.8837435394525528
sad_250extra_0063.jpg,images/sad/sad_250extra_0063.jpg,sad,sad,success,2.149236132295593,70.96211064313523,1.4128437444157904,0.09602252995513022,6.348198640561266,0.00018930012419155365,19.03139423949787
000147.jpg,images/sad/000147.jpg,sad,sad,success,9.880782272375654e-05,56.05230927467346,2.8956785798072815,0.054409599397331476,21.98423147201538,0.0006239269168872852,19.012653827667236
000153.jpg,images/sad/000153.jpg,sad,sad,success,8.98016821793135e-05,81.8379282951355,2.355487272143364,0.04136913630645722,0.569008756428957,0.0001531761881778948,15.195965766906738
sad_250extra_0088.jpg,images/sad/sad_250extra_0088.jpg,sad,fear,success,1.8117140978574753,0.037870416417717934,0.01745289337122813,20.58306783437729,0.015423775766976178,5.020494020513411e-08,77.5344729423523
sad_250extra_0049.jpg,images/sad/sad_250extra_0049.jpg,sad,sad,success,0.17074133502319455,52.997469902038574,2.5116171687841415,0.00024886487608455354,30.322781205177307,0.02915211080107838,13.967987895011902
sad39.png,images/sad/sad39.png,sad,sad,success,7.479086679905913e-06,53.36570103577363,43.62616316960297,2.493727877792571e-05,0.6536784268255917,0.1048440454341119,2.249573461762254
sad_extra_0009.jpg,images/sad/sad_extra_0009.jpg,sad,sad,success,2.149236132295593,70.96211064313523,1.4128437444157904,0.09602252995513022,6.348198640561266,0.00018930012419155365,19.03139423949787
sad_250extra_0048.jpg,images/sad/sad_250extra_0048.jpg,sad,sad,success,17.70644038915634,45.77092528343201,0.7313122972846031,0.004842253474635072,32.28859603404999,6.406094144040253e-06,3.4978751093149185
000150.jpg,images/sad/000150.jpg,sad,surprise,success,0.2624072989393651,4.284644009747744,11.165908644551553,69.2283492820471,2.837297116952963,6.659040365236132e-05,12.221327407439196
000178.jpg,images/sad/000178.jpg,sad,sad,success,2.1686412394046783,92.50012636184692,0.28758218977600336,0.00024224711978604319,5.034739896655083,2.413714916826848e-06,0.008664028428029269
000197.jpg,images/sad/000197.jpg,sad,sad,success,0.0013289501112012658,97.23351001739502,1.2051871977746487,0.00011855686352646444,0.5220386665314436,0.0006996172942308476,1.0371201671659946
sad14.png,images/sad/sad14.png,sad,neutral,success,0.39425757713615894,28.768423199653625,12.710192799568176,0.4679431673139334,49.35491979122162,0.027791026514023542,8.276474475860596
sad29.png,images/sad/sad29.png,sad,sad,success,3.890767885650348e-06,83.37311744689941,0.8499419316649437,5.2653881255082524e-08,11.280817538499832,1.2847942709726112e-07,4.496118798851967
sad15.png,images/sad/sad15.png,sad,sad,success,8.7904310566711e-10,56.518810987472534,0.0020053837943123654,3.019344019936283e-13,43.4750497341156,2.111140020827392e-14,0.004141207682550885
sad_250extra_0065.jpg,images/sad/sad_250extra_0065.jpg,sad,sad,success,0.00489135090901982,60.626816749572754,19.632980227470398,0.029099758830852807,7.690805196762085,0.07065393729135394,11.944754421710968
000196.jpg,images/sad/000196.jpg,sad,sad,success,0.053314131753713696,82.95795714354004,3.3880412892152414,0.003666391858643068,4.667547901576508,3.512331964310193e-05,8.929441443615131
000169.jpg,images/sad/000169.jpg,sad,sad,success,0.0017524631402920932,60.708630084991455,23.29181283712387,0.023261098249349743,14.42558765411377,0.0023579337721457705,1.5465986914932728
000143.jpg,images/sad/000143.jpg,sad,neutral,success,5.449948758950995e-06,2.591298334300518,0.30605169013142586,0.002748094266280532,96.68810963630676,2.0059624794566133e-08,0.4117871169000864
000194.jpg,images/sad/000194.jpg,sad,sad,success,1.5189907109913747e-07,99.83286261558533,0.0014179348909237888,9.19706200086523e-08,0.018909675418399274,0.00035425864552962594,0.14645091723650694
sad17.png,images/sad/sad17.png,sad,neutral,success,0.07994999759830534,7.731439173221588,0.6059357430785894,0.0017680935343378223,59.49110984802246,7.135654556122972e-06,32.08978772163391
000119.jpg,images/sad/000119.jpg,sad,neutral,success,0.0003891535925504286,0.00033784754123189487,1.1935184784928055e-08,6.592838254493305e-11,99.99927282333374,2.2176326816662817e-21,5.863059343580446e-09
sad_250extra_0015.jpg,images/sad/sad_250extra_0015.jpg,sad,neutral,success,0.04856933082919568,1.3523370027542114,0.006159629265312105,1.1318863357701048e-05,97.94741868972778,7.256312911652074e-09,0.6455042399466038
sad_250extra_0001.jpg,images/sad/sad_250extra_0001.jpg,sad,sad,success,0.0014921235601144697,67.16494355619626,11.320759496598304,0.007251118813275166,9.713208262537925,0.017028068548913325,11.775308933817275
000079.jpg,images/sad/000079.jpg,sad,sad,success,3.2046674203201064e-07,46.00458741188049,1.0934696532785892,1.5426248012317956e-05,41.103893518447876,1.3910074481149337e-08,11.798035353422165
000051.jpg,images/sad/000051.jpg,sad,neutral,success,1.30737454195895e-07,0.0002735833959377487,5.99743241180839e-09,2.5566125148896595e-14,99.99972581863403,3.639054644755393e-25,3.4109631785739225e-09
000092.jpg,images/sad/000092.jpg,sad,sad,success,0.06709428853355348,95.75111865997314,0.15946400817483664,0.018073913815896958,3.4848563373088837,1.056687324307859e-05,0.5193817429244518
000050.jpg,images/sad/000050.jpg,sad,neutral,success,0.29329757671803236,16.143295168876648,8.807162940502167,0.0064073989051394165,67.81142950057983,0.006521211616927758,6.931887567043304
sad_250extra_0014.jpg,images/sad/sad_250extra_0014.jpg,sad,neutral,success,0.0002358975962124532,17.07446426153183,2.9537729918956757,0.002337523073947523,78.17833423614502,5.651890511160218e-07,1.7908556386828423
000124.jpg,images/sad/000124.jpg,sad,neutral,success,24.272572994232178,16.050267219543457,4.156237095594406,0.025903849746100605,54.47254776954651,0.0014897504115651827,1.0209858417510986
000130.jpg,images/sad/000130.jpg,sad,sad,success,0.33427521792498616,65.14005480527224,0.03214256338379522,0.0001493984135941456,32.91271532622393,0.003465142022666355,1.5771968272689787
000126.jpg,images/sad/000126.jpg,sad,sad,success,1.0327916292498553,68.06009196518755,4.374284893359555,0.39313468120876777,23.466740731389436,0.11245744359255509,2.5604911821495078
sad_250extra_0002.jpg,images/sad/sad_250extra_0002.jpg,sad,sad,success,1.0327916292498553,68.06009196518755,4.374284893359555,0.39313468120876777,23.466740731389436,0.11245744359255509,2.5604911821495078
sad_250extra_0016.jpg,images/sad/sad_250extra_0016.jpg,sad,fear,success,6.4258784404930895e-06,35.70774069932214,1.290967813465856,0.003930727220714945,0.00038198745635976603,6.195448179778592e-05,62.99690449274725
000052.jpg,images/sad/000052.jpg,sad,fear,success,2.1182768802631415e-06,11.639267899946445,0.0925762459401784,0.0003421388759510713,0.049024887278296785,2.306909432205081e-05,88.21876574866567
000047.jpg,images/sad/000047.jpg,sad,sad,success,8.98016821793135e-05,81.8379282951355,2.355487272143364,0.04136913630645722,0.569008756428957,0.0001531761881778948,15.195965766906738
000053.jpg,images/sad/000053.jpg,sad,fear,success,3.7644659300895e-05,2.1925557404756546,0.6015494465827942,1.830301620066166,0.040587823605164886,6.449475139379501,88.88548612594604
sad_250extra_0017.jpg,images/sad/sad_250extra_0017.jpg,sad,sad,success,6.84451505190931e-06,46.79229538394781,4.695111420459236,0.0002986037948806355,28.93090420549537,0.005139005167429643,19.576246713176175
000043.jpg,images/sad/000043.jpg,sad,sad,success,1.0327916292498553,68.06009196518755,4.374284893359555,0.39313468120876777,23.466740731389436,0.11245744359255509,2.5604911821495078
000094.jpg,images/sad/000094.jpg,sad,sad,success,0.0017524631402920932,60.708630084991455,23.29181283712387,0.023261098249349743,14.42558765411377,0.0023579337721457705,1.5465986914932728
000081.jpg,images/sad/000081.jpg,sad,angry,success,0.05861766868917123,28.24026903626096,53.32364400343371,7.928484478598131e-07,0.30873954340940196,0.001195142561619172,18.06753509431659
000095.jpg,images/sad/000095.jpg,sad,sad,success,0.4642481726704939,89.56562814507652,6.519184650134125,1.1089356684056823e-11,0.6136561644021371,3.969276966801976e-10,2.8372876174621355
sad_250extra_0006.jpg,images/sad/sad_250extra_0006.jpg,sad,sad,success,8.98016821793135e-05,81.8379282951355,2.355487272143364,0.04136913630645722,0.569008756428957,0.0001531761881778948,15.195965766906738
000122.jpg,images/sad/000122.jpg,sad,neutral,success,2.7086634188890457,6.4216576516628265,1.8506789579987526,0.003712435136549175,88.80489468574524,3.764996563404566e-05,0.21035675890743732
sad_250extra_0010.jpg,images/sad/sad_250extra_0010.jpg,sad,sad,success,17.70644038915634,45.77092528343201,0.7313122972846031,0.004842253474635072,32.28859603404999,6.406094144040253e-06,3.4978751093149185
sad48.png,images/sad/sad48.png,sad,sad,success,3.822058758373714e-06,51.580244302749634,42.02592372894287,0.001011325639410643,0.38725712802261114,8.387407035570504e-06,6.005552411079407
000054.jpg,images/sad/000054.jpg,sad,neutral,success,0.0002358975962124532,17.07446426153183,2.9537729918956757,0.002337523073947523,78.17833423614502,5.651890511160218e-07,1.7908556386828423
000083.jpg,images/sad/000083.jpg,sad,fear,success,0.7383748888969421,7.273601740598679,3.7786729633808136,1.3984805904328823,31.976088881492615,0.0015007763067842461,54.83328104019165
000096.jpg,images/sad/000096.jpg,sad,sad,success,1.4574157880531402e-06,50.50307512283325,7.566250115633011,0.00028018796456308337,28.247252106666565,0.0004067805548402248,13.682729005813599
000041.jpg,images/sad/000041.jpg,sad,sad,success,0.0014921235601144697,67.16494355619626,11.320759496598304,0.007251118813275166,9.713208262537925,0.017028068548913325,11.775308933817275
sad49.png,images/sad/sad49.png,sad,failed,no_face_detected,,,,,,,
sad_250extra_0039.jpg,images/sad/sad_250extra_0039.jpg,sad,sad,success,0.0014921235601144697,67.16494355619626,11.320759496598304,0.007251118813275166,9.713208262537925,0.017028068548913325,11.775308933817275
000121.jpg,images/sad/000121.jpg,sad,neutral,success,0.03309765597805381,39.72216248512268,0.023251214588526636,0.010926711547654122,57.502686977386475,1.0458675592239786e-08,2.7078745886683464
000135.jpg,images/sad/000135.jpg,sad,happy,success,99.57422609021975,0.12088371717661228,0.060360268900277486,2.3740070519496405e-07,0.24452310176469108,5.910554972833335e-08,9.18646459612163e-06
sad_250extra_0034.jpg,images/sad/sad_250extra_0034.jpg,sad,sad,success,0.004136033631820374,69.39109381384216,12.592237448229637,0.019513936130229302,10.049503150552699,0.06733730371071718,7.87617983676075
sad50.png,images/sad/sad50.png,sad,failed,no_face_detected,,,,,,,
sad44.png,images/sad/sad44.png,sad,sad,success,0.03765382862184197,53.78337502479553,31.7977637052536,0.5521266255527735,1.713871769607067,0.1724068308249116,11.942803859710693
000064.jpg,images/sad/000064.jpg,sad,sad,success,0.10584238819049141,58.47059983365538,9.885248853534597,0.35040192785538105,3.370713040743704,2.0026758306860515e-06,27.817189357615785
000070.jpg,images/sad/000070.jpg,sad,happy,success,63.62979574558684,0.2503421223198917,0.005816449595271189,0.3098472856548173,35.7990486382304,7.278848969738912e-06,0.0051462676078986875
000059.jpg,images/sad/000059.jpg,sad,sad,success,9.426856385608693e-09,99.97938871260814,8.17139372022253e-05,1.0293173177811673e-10,0.00045251115776024677,1.2891412881538233e-10,0.020078473349588268
sad45.png,images/sad/sad45.png,sad,sad,success,0.0011142244638507428,34.052281492676556,6.753257602064895,0.008687960927319714,28.43347150880438,1.8683376527981154e-05,30.7511680422821
sad_250extra_0035.jpg,images/sad/sad_250extra_0035.jpg,sad,neutral,success,0.05694288411177695,2.975985035300255,0.3302825381979346,9.574839623383014e-05,95.84305882453918,3.7952498921356437e-07,0.7936361245810986
000105.jpg,images/sad/000105.jpg,sad,angry,success,0.029561159930963508,23.9821596720409,51.29237786440586,0.16734007179693244,20.34356985611556,0.0017474400274663452,4.183244086294661
000099.jpg,images/sad/000099.jpg,sad,fear,success,0.0032341249607270584,33.19869339466095,0.027150262030772865,2.7232553634348733e-05,9.558770805597305,4.138945186582532e-06,57.21212029457092
000066.jpg,images/sad/000066.jpg,sad,sad,success,2.6996126223366446e-06,67.60480403900146,1.6255496069788933,2.5470859554843628e-05,26.994052529335022,0.001861715099948924,3.773706778883934
sad46.png,images/sad/sad46.png,sad,sad,success,0.00017785732933396878,99.73821047088975,0.0008350618286811149,2.951238545893158e-06,0.007337567365766854,1.7822755900338725e-05,0.2534126095130909
000116.jpg,images/sad/000116.jpg,sad,fear,success,0.01623138232389465,6.800695508718491,4.909705743193626,0.007529708091169596,0.3625893034040928,0.078822101932019,87.82443404197693
000076.jpg,images/sad/000076.jpg,sad,sad,success,0.004136033631820374,69.39109381384216,12.592237448229637,0.019513936130229302,10.049503150552699,0.06733730371071718,7.87617983676075
sad43.png,images/sad/sad43.png,sad,sad,success,0.0011172867500340584,68.36494614869035,3.7715228659822264,0.0014393922304698293,1.5585685146491834,0.025033149032035414,26.277373807273733
sad_250extra_0019.jpg,images/sad/sad_250extra_0019.jpg,sad,angry,success,9.173170667509112e-07,43.886929750442505,49.82404410839081,3.529328580498259e-05,0.8940552361309528,0.07817716686986387,5.316763371229172
sad41.png,images/sad/sad41.png,sad,neutral,success,0.00024329360712727066,36.30455136299133,1.9872134551405907,0.00036194678614265285,50.757431983947754,1.5010033393991762e-05,10.950180888175964
000075.jpg,images/sad/000075.jpg,sad,angry,success,0.00756374737774922,27.76704761589141,37.640719132509126,0.0006673719667321878,31.70042713885631,3.658527002271923e-05,2.8835454667860825
000049.jpg,images/sad/000049.jpg,sad,sad,success,0.06456450209952891,49.42794442176819,0.2874045632779598,0.0021851254132343456,0.7797910366207361,0.2778299618512392,49.16027784347534
sad40.png,images/sad/sad40.png,sad,sad,success,8.980085524334203e-08,95.67630835489135,0.25190069083430655,1.3448840090533274e-06,0.006735257268522801,0.001117304187980421,4.063937179915569
sad_250extra_0024.jpg,images/sad/sad_250extra_0024.jpg,sad,neutral,success,0.15491941012442112,2.542865090072155,0.14477010117843747,0.004108586290385574,96.69061303138733,0.0011706879377015866,0.4615550395101309
sad_250extra_0018.jpg,images/sad/sad_250extra_0018.jpg,sad,sad,success,0.10584238819049141,58.47059983365538,9.885248853534597,0.35040192785538105,3.370713040743704,2.0026758306860515e-06,27.817189357615785
000128.jpg,images/sad/000128.jpg,sad,neutral,success,0.0036575434933183715,4.790286719799042,0.792479608207941,0.0008115925993479323,93.5519814491272,1.1243737052524239e-07,0.8607847616076469
000100.jpg,images/sad/000100.jpg,sad,sad,success,0.0001441797962797864,50.92154145240784,0.001032145883073099,3.3003335175862958e-06,21.161353588104248,4.273135868044196e-12,27.915924787521362
000114.jpg,images/sad/000114.jpg,sad,sad,success,0.0014921235601144697,67.16494355619626,11.320759496598304,0.007251118813275166,9.713208262537925,0.017028068548913325,11.775308933817275
sad_250extra_0080.jpg,images/sad/sad_250extra_0080.jpg,sad,sad,success,37.53415569866632,52.169665823558915,0.3029856545767578,0.1653038296657103,0.49432193081509657,0.0031189412806297114,9.330452789691257
000167.jpg,images/sad/000167.jpg,sad,neutral,success,0.0001059488795362995,24.944990873336792,3.894297033548355,0.0008879785127646755,67.91983842849731,5.76492425352626e-05,3.2398205250501633
000198.jpg,images/sad/000198.jpg,sad,happy,success,99.99787211405469,0.001653653187871728,6.026398939362553e-06,2.2384341404613403e-05,0.000276905091729761,1.6002200248189613e-11,0.00017442314304480088
sad27.png,images/sad/sad27.png,sad,sad,success,0.00033652513057770366,91.9421007564188,6.594683271012697,0.02922615734017281,0.049770210283423696,0.0350146450632015,1.348869942739003
sad_extra_0017.jpg,images/sad/sad_extra_0017.jpg,sad,sad,success,8.98016821793135e-05,81.8379282951355,2.355487272143364,0.04136913630645722,0.569008756428957,0.0001531761881778948,15.195965766906738
sad_extra_0002.jpg,images/sad/sad_extra_0002.jpg,sad,sad,success,0.0014921235601144697,67.16494355619626,11.320759496598304,0.007251118813275166,9.713208262537925,0.017028068548913325,11.775308933817275
sad26.png,images/sad/sad26.png,sad,fear,success,0.07974346517585218,29.568976163864136,9.248174726963043,0.05963158910162747,3.5819068551063538,0.14014887856319547,57.32141733169556
sad32.png,images/sad/sad32.png,sad,sad,success,3.204314396043628e-05,71.84916734695435,13.46253752708435,1.8036976712210162e-05,2.2408215329051018,3.8929976522922516,8.554428070783615
sad_250extra_0081.jpg,images/sad/sad_250extra_0081.jpg,sad,sad,success,1.7002933505594342e-07,99.97137188911438,0.0004067517693329137,2.3806007078824853e-10,0.0018155908037442714,4.47496475430853e-06,0.026398117188364267
sad_250extra_0083.jpg,images/sad/sad_250extra_0083.jpg,sad,neutral,success,0.1605709877578013,1.7790046649578013,0.13867129699789268,0.00010272480652217648,96.41163327763279,2.1064606870899138e-07,1.5100176414857889
000170.jpg,images/sad/000170.jpg,sad,neutral,success,1.7811658765971737e-07,0.03671447266799049,0.00017661768567888125,0.00011371638034008056,99.95921849961391,2.367427036593059e-16,0.003779289770754562
sad18.png,images/sad/sad18.png,sad,neutral,success,2.8555838391184807,17.90194660425186,13.668136298656464,0.030196027364581823,60.84303259849548,0.0003916464720532531,4.700717329978943
sad24.png,images/sad/sad24.png,sad,sad,success,0.741655332967639,91.63336157798767,7.183252274990082,0.0022567397536477074,0.02173405810026452,0.00515425308549311,0.4125851206481457
sad30.png,images/sad/sad30.png,sad,sad,success,5.946794569519959e-08,99.97993111849652,2.6323617478588684e-06,1.0556397161912685e-10,0.009778709789575214,3.090484466454056e-13,0.010283312669476474
000212.jpg,images/sad/000212.jpg,sad,sad,success,0.021015180796437764,94.69990793467666,0.10123657951291448,0.0008703939655931409,0.29895183326133096,0.00036783763042584367,4.877647921127329
sad_extra_0014.jpg,images/sad/sad_extra_0014.jpg,sad,neutral,success,0.0002358975962124532,17.07446426153183,2.9537729918956757,0.002337523073947523,78.17833423614502,5.651890511160218e-07,1.7908556386828423
sad31.png,images/sad/sad31.png,sad,sad,success,1.0003821230672866e-09,97.75455620830581,0.0026330861645657297,3.3640249658405893e-11,1.1706300546967918,1.0763754922649822e-09,1.0721727858873862
sad25.png,images/sad/sad25.png,sad,neutral,success,0.39953277446329594,7.836559414863586,1.1820820160210133,0.12834584340453148,86.04419827461243,0.00011499137144710403,4.4091664254665375
sad19.png,images/sad/sad19.png,sad,sad,success,0.002515031305688437,71.2211412919248,11.446121272213535,0.010639430454162461,9.815983314274748,0.024331563322078486,7.479266523079069
sad_250extra_0069.jpg,images/sad/sad_250extra_0069.jpg,sad,sad,success,0.33427521792498616,65.14005480527224,0.03214256338379522,0.0001493984135941456,32.91271532622393,0.003465142022666355,1.5771968272689787
sad_250extra_0055.jpg,images/sad/sad_250extra_0055.jpg,sad,sad,success,0.0001441797962797864,50.92154145240784,0.001032145883073099,3.3003335175862958e-06,21.161353588104248,4.273135868044196e-12,27.915924787521362
000175.jpg,images/sad/000175.jpg,sad,sad,success,1.7217442393302917,51.35321021080017,4.594699293375015,0.011064167483709753,24.06223863363266,16.17530584335327,2.081739716231823
000149.jpg,images/sad/000149.jpg,sad,sad,success,3.298988656822549e-06,64.04513502389997,1.5074262362674615,0.0018558449679627808,0.0008700410553674471,4.707099204537784e-05,34.44466796187567
sad_250extra_0079.jpg,images/sad/sad_250extra_0079.jpg,sad,sad,success,0.0182439194759354,95.5980122089386,2.5905122980475426,0.0008197640454454813,0.631398893892765,1.451748516956286e-05,1.160997524857521
sad21.png,images/sad/sad21.png,sad,neutral,success,8.416788546128373e-05,6.571323424577713,0.07201297557912767,0.0006302906513155904,91.82311296463013,2.3754148648080786e-08,1.5328340232372284
000203.jpg,images/sad/000203.jpg,sad,happy,success,86.66023771044759,11.63183088519205,0.16459712426324197,7.074457953211001e-07,0.006868463151237664,0.0002127354010702634,1.5362489999831914
sad34.png,images/sad/sad34.png,sad,neutral,success,0.001631330184782978,44.026380421303536,2.7506826222349776,0.0004811953490712935,51.644310453195004,1.9596729852290797e-07,1.5765148223349346
sad_250extra_0050.jpg,images/sad/sad_250extra_0050.jpg,sad,sad,success,1.0327916292498553,68.06009196518755,4.374284893359555,0.39313468120876777,23.466740731389436,0.11245744359255509,2.5604911821495078
sad_250extra_0087.jpg,images/sad/sad_250extra_0087.jpg,sad,happy,success,99.99787211405469,0.001653653187871728,6.026398939362553e-06,2.2384341404613403e-05,0.000276905091729761,1.6002200248189613e-11,0.00017442314304480088
000160.jpg,images/sad/000160.jpg,sad,sad,success,4.0291167212498646e-11,99.61232542991638,0.00030625160434283316,2.827981945840996e-09,0.0018029470084002241,1.169373300448362e-10,0.3855666844174266
000189.jpg,images/sad/000189.jpg,sad,fear,success,0.005034455107250369,42.39226236297264,10.265532747836874,0.009513186363125151,3.7344651660004358,0.6268311199892235,42.96636241473927
sad_250extra_0052.jpg,images/sad/sad_250extra_0052.jpg,sad,fear,success,0.0008004969026491062,2.0679715390784468,0.14214644590148007,0.00499172013145414,0.029677852894535832,0.0003889660324523701,97.75403128588385
sad36.png,images/sad/sad36.png,sad,sad,success,0.0253537786193192,95.999276638031,3.4127630293369293,4.4813974753310504e-08,0.03747120499610901,0.0005227551355346804,0.5246085580438375
000214.jpg,images/sad/000214.jpg,sad,sad,success,0.0001640490479541026,99.6625244416311,0.052563121648542384,0.0001630153730578745,0.10565366294405835,4.849592305911648e-06,0.1789288119892068
sad_extra_0012.jpg,images/sad/sad_extra_0012.jpg,sad,sad,success,0.10584238819049141,58.47059983365538,9.885248853534597,0.35040192785538105,3.370713040743704,2.0026758306860515e-06,27.817189357615785
sad_extra_0006.jpg,images/sad/sad_extra_0006.jpg,sad,sad,success,3.3843868679772626e-09,99.97016787528992,4.532483046659763e-05,4.865515542545884e-11,0.0008598620297561865,2.1307330628616422e-11,0.028928040410391986
sad_extra_0007.jpg,images/sad/sad_extra_0007.jpg,sad,sad,success,6.84451505190931e-06,46.79229538394781,4.695111420459236,0.0002986037948806355,28.93090420549537,0.005139005167429643,19.576246713176175
sad23.png,images/sad/sad23.png,sad,fear,success,25.651213449095078,22.278161671380797,0.09217661055866055,0.8631089604665088,2.8825989282013262,0.0073992245508350965,48.225340458710136
sad37.png,images/sad/sad37.png,sad,sad,success,0.06497519012392701,69.38034113528377,2.0044815990019798,0.017382880777590322,15.007921457762805,0.001877410180020846,13.52302214640511
sad_250extra_0053.jpg,images/sad/sad_250extra_0053.jpg,sad,neutral,success,0.0015968776139315844,0.3286319282208042,1.6754412159586678,0.0025200158826480775,97.84918414647484,8.162744300748146e-08,0.1426275089645391
000177.jpg,images/sad/000177.jpg,sad,sad,success,0.004622049164026976,52.26820111274719,12.091056257486343,0.0009636020877223928,34.544628858566284,0.011803243251051754,1.0787209495902061
000152.jpg,images/angry/000152.jpg,angry,angry,success,5.2573261499419544e-11,0.0052070055971853435,98.97128343582153,1.3766866535647182e-07,4.859766136178223e-05,0.3293233457952738,0.6941396743059158
000146.jpg,images/angry/000146.jpg,angry,angry,success,9.539590540697025e-13,7.778110005886905e-08,99.87413288663234,4.276499976400074e-11,1.9243890112363712e-14,1.376928407019127e-07,0.12586309703953896
000191.jpg,images/angry/000191.jpg,angry,angry,success,3.039861140585742e-08,0.2270782832056284,99.75525736808777,9.345224327717006e-06,0.0003289749884061166,8.113037210932816e-05,0.017245336493942887
000185.jpg,images/angry/000185.jpg,angry,angry,success,4.745928660721221e-07,0.00010163421468077994,99.99988079069624,7.883587168071278e-07,5.143390327274989e-07,2.3865643211722273e-09,1.9898967692095077e-05
angry_250extra_0062.jpg,images/angry/angry_250extra_0062.jpg,angry,angry,success,1.116258574831476e-11,1.412204042594567e-06,100.0,2.6372003544570668e-15,6.123856977069408e-07,7.30121792103727e-20,5.657382114859777e-10
000218.jpg,images/angry/000218.jpg,angry,angry,success,0.0444422330474481,3.411993756890297,96.16983532905579,0.0016190813767025247,0.15162562485784292,0.001222363698616391,0.21925955079495907
000224.jpg,images/angry/000224.jpg,angry,angry,success,6.26174181950212e-09,0.002656929245858919,98.11211228370667,1.7955037413461272e-10,7.077144981160188e-08,2.6589748358674115e-05,1.8852071836590767
000026.jpg,images/angry/000026.jpg,angry,happy,success,72.79754552811927,1.7890585856507522,18.34128270641359,0.009865769691829123,3.4315355487508237,0.20197341297995006,3.428741208164836
000032.jpg,images/angry/000032.jpg,angry,fear,success,6.566476821899414,9.53557503180491e-05,0.12701175874099135,36.866047978401184,3.348714361361971e-08,4.1308556575359034e-07,56.44036531448364
000033.jpg,images/angry/000033.jpg,angry,angry,success,0.32921135425567627,2.453642338514328,86.77498698234558,0.3678436856716871,0.03955961437895894,0.08234676788561046,9.952409565448761
000027.jpg,images/angry/000027.jpg,angry,fear,success,0.0011593426279432606,0.2595549216493964,21.161232888698578,0.0003605144001994631,2.1613809053633304e-05,0.00604660453973338,78.57162952423096
000231.jpg,images/angry/000231.jpg,angry,angry,success,1.17926154796388e-18,7.493618152177374e-10,99.99281763987646,7.820864557112873e-18,3.4491630345587264e-16,1.570069173756638e-12,0.007184470878966279
000225.jpg,images/angry/000225.jpg,angry,angry,success,0.006723794575644931,4.912623549983079,77.65531210239982,0.004017596687304437,15.666564921550163,0.07653906028997179,1.6782203551268153
000219.jpg,images/angry/000219.jpg,angry,angry,success,5.730439678330868e-07,0.0002730408596107736,99.48033690452576,0.00029383913897618186,4.6197832226368973e-07,0.4992350935935974,0.019857347069773823
angry_250extra_0063.jpg,images/angry/angry_250extra_0063.jpg,angry,angry,success,1.4193910174071789,1.1926805600523949,63.310086727142334,0.026908284053206444,0.0031726227462058887,24.600982666015625,9.446782618761063
000184.jpg,images/angry/000184.jpg,angry,fear,success,8.357077420351861e-11,7.61329010664591e-06,4.369080214986827,1.8717224014166007e-10,4.764944432849597e-11,1.0386457377761637e-06,95.63091345201892
000190.jpg,images/angry/000190.jpg,angry,angry,success,0.0042512223444646224,0.7854577153921127,98.753821849823,0.16502488870173693,0.048289657570421696,0.005682994742528535,0.23746956139802933
000153.jpg,images/angry/000153.jpg,angry,fear,success,5.71209411622649e-07,0.00731004751456335,43.65706221377108,6.539184413801214e-06,2.663645874970924e-07,0.09165916779788819,56.24395534468229
000179.jpg,images/angry/000179.jpg,angry,angry,success,1.769169699628037e-06,1.5337358228862286,97.67230153083801,2.532900451879261e-09,0.7714439649134874,3.4664508003773706e-17,0.022523608640767634
000145.jpg,images/angry/000145.jpg,angry,angry,success,7.519350213249832e-05,8.608907974297283,90.45709910733099,0.00044379174058516174,0.6039281270014123,1.030133764184799e-05,0.3295391295948106
000151.jpg,images/angry/000151.jpg,angry,angry,success,7.00175579780237e-05,0.4800296641070452,99.46275366240653,1.7489138408861708e-05,0.008573570223679787,0.002325669984511085,0.04622045442700728
000186.jpg,images/angry/000186.jpg,angry,angry,success,1.116258574831476e-11,1.412204042594567e-06,100.0,2.6372003544570668e-15,6.123856977069408e-07,7.30121792103727e-20,5.657382114859777e-10
000192.jpg,images/angry/000192.jpg,angry,angry,success,9.618894409868517e-05,0.17545726150274277,76.22879147529602,2.79023297522496e-09,1.4467941511497884e-06,1.196261649738517e-05,23.595647513866425
angry_250extra_0061.jpg,images/angry/angry_250extra_0061.jpg,angry,neutral,success,0.5077018262950389,4.953680341997106,0.7438032466854755,0.00042416490432866126,90.25810477040949,0.00029805161005586284,3.5359832899590384
angry_250extra_0049.jpg,images/angry/angry_250extra_0049.jpg,angry,angry,success,3.3568009483175842e-09,0.000398865222450695,57.1785569190979,5.561327787173553e-09,1.8708014304369414e-09,1.7835250787356927e-05,42.82102584838867
000233.jpg,images/angry/000233.jpg,angry,angry,success,0.0009381386917084455,31.176072359085083,62.36470937728882,0.2775859320536256,5.490389838814735,0.0008501005140715279,0.6894590798765421
000227.jpg,images/angry/000227.jpg,angry,angry,success,5.2553296825408324e-06,0.021745346020907164,99.97429251670837,4.308455743284867e-05,0.00011791279348472017,3.4190559716762436e-06,0.003790938717429526
000031.jpg,images/angry/000031.jpg,angry,angry,success,7.888782544545808e-11,7.764557848107755e-06,99.74128607019352,8.217250633737037e-12,3.0382439900983725e-10,5.643510585554196e-06,0.2586940227888199
000025.jpg,images/angry/000025.jpg,angry,angry,success,1.628529934392031e-05,8.219795439267703,91.62418942163117,3.4000069814322022e-06,0.10654108958574061,2.1016527677461564e-08,0.04945175016315279
disgust__predicted_angry__000159.jpg,images/angry/disgust__predicted_angry__000159.jpg,angry,angry,success,1.6878175289683495e-10,0.0015416131645906717,99.98751878738403,3.5545205667730784e-09,3.505821188909408e-08,9.545751709083561e-05,0.010844735516002402
000024.jpg,images/angry/000024.jpg,angry,angry,success,1.2102903780126255e-14,3.234878780035402e-07,99.99733567221973,1.2970992041229727e-16,1.498123016785656e-13,4.3010735030727664e-16,0.0026658260819272784
000226.jpg,images/angry/000226.jpg,angry,neutral,success,0.0010707870116449137,0.06414684849362662,1.2943458583561098,1.65676634294672e-05,98.63871923915859,6.377380557887627e-11,0.0017029909136974425
000232.jpg,images/angry/000232.jpg,angry,fear,success,0.13688248582184315,0.008319244079757482,5.813325196504593,0.0005094468178867828,4.399569875079834e-08,4.8776932715099974e-06,94.04096007347107
angry_250extra_0048.jpg,images/angry/angry_250extra_0048.jpg,angry,angry,success,0.001367977820970201,0.2018977181586363,96.29283591594267,1.4643163407049078e-09,3.2051445673644516e-06,0.006076252251271822,3.4978277536835964
angry_250extra_0060.jpg,images/angry/angry_250extra_0060.jpg,angry,angry,success,1.769169699628037e-06,1.5337358228862286,97.67230153083801,2.532900451879261e-09,0.7714439649134874,3.4664508003773706e-17,0.022523608640767634
000187.jpg,images/angry/000187.jpg,angry,angry,success,1.4193910174071789,1.1926805600523949,63.310086727142334,0.026908284053206444,0.0031726227462058887,24.600982666015625,9.446782618761063
000144.jpg,images/angry/000144.jpg,angry,neutral,success,0.0010002402632380836,3.8618456572294235,0.2727176295593381,0.00013026426586293383,93.08610558509827,7.049948180792853e-06,2.778196893632412
000140.jpg,images/angry/000140.jpg,angry,failed,no_face_detected,,,,,,,
000154.jpg,images/angry/000154.jpg,angry,angry,success,0.0002989356240423559,0.0553947615393109,98.34283580439305,7.926695292993739e-05,1.6012321249384955,1.2353939002606438e-12,0.00016323011613844654
000183.jpg,images/angry/000183.jpg,angry,angry,success,0.013041638786131736,0.5639840176422575,67.4029508348762,0.2557540473188105,0.0024355846842473005,28.47054857366698,3.2912824104687677
000197.jpg,images/angry/000197.jpg,angry,neutral,success,0.5077018262950389,4.953680341997106,0.7438032466854755,0.00042416490432866126,90.25810477040949,0.00029805161005586284,3.5359832899590384
angry_250extra_0058.jpg,images/angry/angry_250extra_0058.jpg,angry,angry,success,3.039861140585742e-08,0.2270782832056284,99.75525736808777,9.345224327717006e-06,0.0003289749884061166,8.113037210932816e-05,0.017245336493942887
angry_250extra_0064.jpg,images/angry/angry_250extra_0064.jpg,angry,neutral,success,0.530807301402092,8.49480852484703,4.666789621114731,0.008643352339277044,44.89559829235077,0.04804956843145192,41.355299949645996
000236.jpg,images/angry/000236.jpg,angry,angry,success,0.04321876331232488,0.3021979471668601,86.67208552360535,0.0011698398338921834,0.00011886128277183161,9.687953442335129,3.293261304497719
000222.jpg,images/angry/000222.jpg,angry,disgust,success,0.5115431267768145,1.0591786354780197,40.62640368938446,0.03890876250807196,0.02123088634107262,55.874282121658325,1.8684512004256248
000034.jpg,images/angry/000034.jpg,angry,sad,success,6.720215138169998e-07,98.21314833007474,0.03770348690352745,3.4946921187554058e-06,0.0952570527392414,2.0658419083785637e-14,1.653881918921242
000021.jpg,images/angry/000021.jpg,angry,fear,success,7.950413873254736e-11,8.11213818341372e-08,46.86578810214996,1.6375242429937133e-12,1.7159778427606814e-14,1.459654201977842e-11,53.134214878082275
000035.jpg,images/angry/000035.jpg,angry,fear,success,8.357077420351861e-11,7.61329010664591e-06,4.369080214986827,1.8717224014166007e-10,4.764944432849597e-11,1.0386457377761637e-06,95.63091345201892
000223.jpg,images/angry/000223.jpg,angry,angry,success,1.2587307697877606e-08,0.00011307742153920463,99.66361518664542,5.250401434461828e-10,5.744348824298926e-11,4.811769612378201e-09,0.3362703770795914
000237.jpg,images/angry/000237.jpg,angry,angry,success,0.0008234778342443345,0.09115647369438253,99.85873102299756,4.318353932042231e-07,0.0002962287402748613,4.8516781752910725e-05,0.04894426384236001
angry_250extra_0065.jpg,images/angry/angry_250extra_0065.jpg,angry,disgust,success,0.7779592186410167,0.35950192621327326,0.8875845804709697,0.004088554000286467,0.019064736899187487,94.94432271190611,3.007477349641639
angry_250extra_0059.jpg,images/angry/angry_250extra_0059.jpg,angry,disgust,success,5.143059667034322e-06,1.613968051970005,22.830189764499664,2.9315327765289112e-05,3.6387785939950845e-05,45.56075930595398,29.995012283325195
000196.jpg,images/angry/000196.jpg,angry,angry,success,4.3424600194952836e-05,0.046049649079495616,99.49267503575534,1.8018119182606104e-07,0.0009045300969585555,2.3097905410617684e-06,0.4603272112653977
000182.jpg,images/angry/000182.jpg,angry,angry,success,1.7976618186654053e-11,5.155256763100624,94.76797580718994,8.488331704192831e-08,0.06786027806811035,1.4293179972924008e-06,0.008903381967684254
000155.jpg,images/angry/000155.jpg,angry,happy,success,99.99449849095932,0.0005197720238936921,0.004974676199727018,7.886553686116268e-09,4.001594849738485e-08,2.7595535835893748e-08,5.8072309536398165e-06
000157.jpg,images/angry/000157.jpg,angry,angry,success,8.147482533824782e-16,3.206196907967751e-06,98.3555018901825,5.1624016327068264e-17,1.712282502709607e-13,1.8430135195757202e-08,1.6444936394691467
000143.jpg,images/angry/000143.jpg,angry,neutral,success,0.530807301402092,8.49480852484703,4.666789621114731,0.008643352339277044,44.89559829235077,0.04804956843145192,41.355299949645996
000194.jpg,images/angry/000194.jpg,angry,sad,success,0.10158219374716282,36.8423730134964,25.271248817443848,0.002173121538362466,29.455065727233887,0.028638012008741498,8.298919349908829
000180.jpg,images/angry/000180.jpg,angry,angry,success,0.0006149914042907767,0.00034791946745826863,99.86854195594788,1.5793163754551642e-05,3.4973379747782474e-08,2.5389210178694555e-08,0.13048561522737145
disgust__predicted_angry__000016.jpg,images/angry/disgust__predicted_angry__000016.jpg,angry,angry,success,1.3710063901998748e-07,0.012018228869807579,99.98796582150256,7.447609084821303e-08,1.824446196284867e-05,3.636549894717656e-15,1.521722927329969e-06
angry_250extra_0067.jpg,images/angry/angry_250extra_0067.jpg,angry,sad,success,0.10158219374716282,36.8423730134964,25.271248817443848,0.002173121538362466,29.455065727233887,0.028638012008741498,8.298919349908829
000221.jpg,images/angry/000221.jpg,angry,angry,success,0.004923000456317383,41.49253863007291,52.43266849907261,0.00166112678719147,5.014424623778417,0.003161103463146131,1.0506195337318818
000235.jpg,images/angry/000235.jpg,angry,angry,success,9.155576990993453e-09,0.03228356072213501,99.96623992919922,6.807939212372105e-08,0.001477553723816527,3.8448730059233096e-17,3.332820597279351e-06
000209.jpg,images/angry/000209.jpg,angry,angry,success,1.1816294431810093e-05,0.625996571034193,99.2800235748291,3.921783453542105e-08,0.0015706371414125897,8.991664357527185e-09,0.09239624487236142
000023.jpg,images/angry/000023.jpg,angry,angry,success,2.4022151023928018e-05,9.114967286586761,89.98842239379883,7.818983682739145e-07,0.8765474893152714,1.7285715614434594e-05,0.020018643408548087
000037.jpg,images/angry/000037.jpg,angry,sad,success,0.10621243323906858,80.25088788574266,6.149040901603753,0.006191178914145986,8.956552830729057,0.37518325169731687,4.155932242031827
000036.jpg,images/angry/000036.jpg,angry,angry,success,0.004532970165978017,4.244101659166615,72.8173347929317,18.127145692450323,1.43542896608365,1.0151814390502645,2.3562691159523586
000022.jpg,images/angry/000022.jpg,angry,angry,success,1.5585192159051076e-05,0.0007774696314299945,77.4174690246582,1.1720282522276193e-06,4.727406244242616e-08,2.681999955456149e-07,22.581736743450165
000208.jpg,images/angry/000208.jpg,angry,sad,success,0.10621243323906858,80.25088788574266,6.149040901603753,0.006191178914145986,8.956552830729057,0.37518325169731687,4.155932242031827
000234.jpg,images/angry/000234.jpg,angry,failed,no_face_detected,,,,,,,
000220.jpg,images/angry/000220.jpg,angry,angry,success,3.22518947293062e-05,0.05634803002462923,98.75840559501582,0.015402477202921098,0.0008599623354557632,0.3972940604634213,0.7716556091123093
angry_250extra_0066.jpg,images/angry/angry_250extra_0066.jpg,angry,neutral,success,0.0010002402632380836,3.8618456572294235,0.2727176295593381,0.00013026426586293383,93.08610558509827,7.049948180792853e-06,2.778196893632412
disgust__predicted_angry__000017.jpg,images/angry/disgust__predicted_angry__000017.jpg,angry,angry,success,0.0003700732115731789,0.7904127711303693,97.36050351622721,0.6653550477537541,0.0607098954594073,0.9024826416362907,0.22017107260501817
000181.jpg,images/angry/000181.jpg,angry,angry,success,7.1594803800719434e-09,0.00029480033328585216,58.67372504912168,8.279015467045635e-09,7.403782889534102e-10,2.724479115944599e-06,41.32598586833393
000195.jpg,images/angry/000195.jpg,angry,angry,success,7.519350213249832e-05,8.608907974297283,90.45709910733099,0.00044379174058516174,0.6039281270014123,1.030133764184799e-05,0.3295391295948106
000142.jpg,images/angry/000142.jpg,angry,angry,success,1.1816294431810093e-05,0.625996571034193,99.2800235748291,3.921783453542105e-08,0.0015706371414125897,8.991664357527185e-09,0.09239624487236142
angry15.png,images/angry/angry15.png,angry,happy,success,96.532905515086,0.0023486009851368833,0.5014185195960379,0.002436742652763557,0.012142350177307778,7.254643309460691e-05,2.948670855322974
000119.jpg,images/angry/000119.jpg,angry,fear,success,0.0011593426279432606,0.2595549216493964,21.161232888698578,0.0003605144001994631,2.1613809053633304e-05,0.00604660453973338,78.57162952423096
000131.jpg,images/angry/000131.jpg,angry,angry,success,1.2587307697877606e-08,0.00011307742153920463,99.66361518664542,5.250401434461828e-10,5.744348824298926e-11,4.811769612378201e-09,0.3362703770795914
angry29.png,images/angry/angry29.png,angry,neutral,success,1.445351168513298,41.92699491977692,0.7703610230237246,0.00017067178532670368,55.801284313201904,0.00016885594504856272,0.05567027837969363
000125.jpg,images/angry/000125.jpg,angry,angry,success,1.17926154796388e-18,7.493618152177374e-10,99.99281763987646,7.820864557112873e-18,3.4491630345587264e-16,1.570069173756638e-12,0.007184470878966279
angry_250extra_0001.jpg,images/angry/angry_250extra_0001.jpg,angry,angry,success,2.4022151023928018e-05,9.114967286586761,89.98842239379883,7.818983682739145e-07,0.8765474893152714,1.7285715614434594e-05,0.020018643408548087
angry_250extra_0015.jpg,images/angry/angry_250extra_0015.jpg,angry,angry,success,1.116258574831476e-11,1.412204042594567e-06,100.0,2.6372003544570668e-15,6.123856977069408e-07,7.30121792103727e-20,5.657382114859777e-10
angry_250extra_0029.jpg,images/angry/angry_250extra_0029.jpg,angry,happy,success,99.91306662559509,0.0022221700419322588,0.00041761186366784386,0.013526012480724603,0.06560661713592708,2.2731632114830758e-10,0.005161755689186975
000247.jpg,images/angry/000247.jpg,angry,angry,success,0.0021512214516405948,0.0001873834776233707,80.82887530326843,0.00026549334961600835,4.431884581546086e-08,0.00016922327858992503,19.16835457086563
000079.jpg,images/angry/000079.jpg,angry,angry,success,0.10016890606918372,7.35041781510243e-05,96.83464746681734,6.376620500894388e-06,1.9327991471378027e-07,0.00016858585790800387,3.064933788176405
000045.jpg,images/angry/000045.jpg,angry,angry,success,0.006723794575644931,4.912623549983079,77.65531210239982,0.004017596687304437,15.666564921550163,0.07653906028997179,1.6782203551268153
000051.jpg,images/angry/000051.jpg,angry,angry,success,1.1816294431810093e-05,0.625996571034193,99.2800235748291,3.921783453542105e-08,0.0015706371414125897,8.991664357527185e-09,0.09239624487236142
000092.jpg,images/angry/000092.jpg,angry,angry,success,1.6413710668405912e-09,0.001261777197214542,94.91683840751648,1.720835418606015e-08,2.0172870041079705e-07,2.671764143258315e-06,5.081896111369133
000087.jpg,images/angry/000087.jpg,angry,disgust,success,1.8552565625921597e-05,0.5621647257757514,29.816913030515547,0.05887200703321314,0.2701123621553347,66.8354133563741,2.456498039484258
000050.jpg,images/angry/000050.jpg,angry,fear,success,7.648793621581585e-11,7.783161956992718e-06,4.18839777638899,1.6973928700473714e-10,4.582853467316541e-11,9.014820538921211e-07,95.81159328291376
000044.jpg,images/angry/000044.jpg,angry,failed,no_face_detected,,,,,,,
000246.jpg,images/angry/000246.jpg,angry,angry,success,0.012974707351531833,22.425055503845215,53.14663052558899,0.09496794664300978,3.4045740962028503,0.07395857246592641,20.841839909553528
angry_250extra_0028.jpg,images/angry/angry_250extra_0028.jpg,angry,fear,success,0.3210137049572116,3.00047936296217,36.75954780096386,0.006967619368206038,0.30404998820125917,1.8619699760639639,57.7459761793585
angry_250extra_0014.jpg,images/angry/angry_250extra_0014.jpg,angry,fear,success,0.3210137049572116,3.00047936296217,36.75954780096386,0.006967619368206038,0.30404998820125917,1.8619699760639639,57.7459761793585
000124.jpg,images/angry/000124.jpg,angry,angry,success,1.7976618186654053e-11,5.155256763100624,94.76797580718994,8.488331704192831e-08,0.06786027806811035,1.4293179972924008e-06,0.008903381967684254
angry28.png,images/angry/angry28.png,angry,angry,success,1.8011581437180213,7.632165566940971,82.12454105908168,0.6238964664365609,7.388759540171568,0.008567661573561543,0.4209185520909491
000130.jpg,images/angry/000130.jpg,angry,angry,success,0.004446039284972021,6.2921170170376906,78.70905868465059,7.812840618291668e-07,0.0033730559344408847,0.032162528539450674,14.958841500213236
angry14.png,images/angry/angry14.png,angry,fear,success,0.01393046259181574,9.37911259768498e-07,2.3338643833994865,0.06771503249183297,2.027360653758959e-12,8.611436896899249e-07,97.58449196815491
angry16.png,images/angry/angry16.png,angry,angry,success,0.15410524792969227,11.481098085641861,83.03320407867432,0.004485199315240607,4.507821425795555,0.00035949772154708626,0.8189281448721886
000132.jpg,images/angry/000132.jpg,angry,failed,no_face_detected,,,,,,,
000a49.jpg,images/angry/000a49.jpg,angry,angry,success,5.399712430403773e-05,0.249425872194819,99.17783136235663,0.016492137620688237,0.27796865235082224,0.274333700125438,0.0038938355420999925
angry_250extra_0016.jpg,images/angry/angry_250extra_0016.jpg,angry,angry,success,1.2102903780126255e-14,3.234878780035402e-07,99.99733567221973,1.2970992041229727e-16,1.498123016785656e-13,4.3010735030727664e-16,0.0026658260819272784
angry_250extra_0002.jpg,images/angry/angry_250extra_0002.jpg,angry,angry,success,3.006641610260283e-11,6.251338308800502e-05,99.25815458644358,4.225239767747616e-10,4.4820168316783805e-12,9.233143966836546e-09,0.741785296680647
000244.jpg,images/angry/000244.jpg,angry,angry,success,0.023906075451502258,1.8821776294323955,67.36301986730335,1.528035267285885e-05,0.009198752018800245,0.0049431632286635165,30.716741766541215
000091.jpg,images/angry/000091.jpg,angry,angry,success,0.0006149914042907767,0.00034791946745826863,99.86854195594788,1.5793163754551642e-05,3.4973379747782474e-08,2.5389210178694555e-08,0.13048561522737145
000085.jpg,images/angry/000085.jpg,angry,angry,success,0.0027944566681981087,0.0029574259315268137,99.97071623802185,1.0135116923493115e-05,2.6532603669693344e-05,0.0001766656282597978,0.02331861905986443
000084.jpg,images/angry/000084.jpg,angry,neutral,success,0.0010002402632380836,3.8618456572294235,0.2727176295593381,0.00013026426586293383,93.08610558509827,7.049948180792853e-06,2.778196893632412
000047.jpg,images/angry/000047.jpg,angry,failed,no_face_detected,,,,,,,
000053.jpg,images/angry/000053.jpg,angry,angry,success,1.3006881682819937e-08,8.188065976355574e-05,99.96063113212585,0.001110407720261719,2.737022164467362e-07,0.036415515933185816,0.0017606009350856766
angry_250extra_0003.jpg,images/angry/angry_250extra_0003.jpg,angry,angry,success,1.5585192159051076e-05,0.0007774696314299945,77.4174690246582,1.1720282522276193e-06,4.727406244242616e-08,2.681999955456149e-07,22.581736743450165
angry_250extra_0017.jpg,images/angry/angry_250extra_0017.jpg,angry,angry,success,3.039861140585742e-08,0.2270782832056284,99.75525736808777,9.345224327717006e-06,0.0003289749884061166,8.113037210932816e-05,0.017245336493942887
000133.jpg,images/angry/000133.jpg,angry,fear,success,7.648793621581585e-11,7.783161956992718e-06,4.18839777638899,1.6973928700473714e-10,4.582853467316541e-11,9.014820538921211e-07,95.81159328291376
000127.jpg,images/angry/000127.jpg,angry,angry,success,0.004532970165978017,4.244101659166615,72.8173347929317,18.127145692450323,1.43542896608365,1.0151814390502645,2.3562691159523586
angry17.png,images/angry/angry17.png,angry,failed,no_face_detected,,,,,,,
000137.jpg,images/angry/000137.jpg,angry,angry,success,0.0021512214516405948,0.0001873834776233707,80.82887530326843,0.00026549334961600835,4.431884581546086e-08,0.00016922327858992503,19.16835457086563
angry13.png,images/angry/angry13.png,angry,angry,success,1.2590330831367424e-06,0.0377693052082592,90.49142712456856,0.004760074967714403,8.572425941924837e-05,2.041777725007805,7.4241681487359825
angry_250extra_0013.jpg,images/angry/angry_250extra_0013.jpg,angry,fear,success,8.357077420351861e-11,7.61329010664591e-06,4.369080214986827,1.8717224014166007e-10,4.764944432849597e-11,1.0386457377761637e-06,95.63091345201892
angry_250extra_0007.jpg,images/angry/angry_250extra_0007.jpg,angry,fear,success,6.566476821899414,9.53557503180491e-05,0.12701175874099135,36.866047978401184,3.348714361361971e-08,4.1308556575359034e-07,56.44036531448364
000057.jpg,images/angry/000057.jpg,angry,angry,success,0.23200593423098326,12.806206941604614,81.66095018386841,0.00245077444560593,5.077238380908966,5.924062662643337e-06,0.2211427316069603
000043.jpg,images/angry/000043.jpg,angry,sad,success,1.594034799989874e-09,73.9452064037323,25.773894786834717,9.089248104166003e-09,0.13369903899729252,1.5601287373101513e-06,0.1472035888582468
000094.jpg,images/angry/000094.jpg,angry,angry,success,0.00010442723697680157,0.016044773926277588,99.44942600137877,5.343653415567733e-06,0.00021130578925633708,1.801009082556118e-06,0.5341988351406055
000081.jpg,images/angry/000081.jpg,angry,fear,success,0.06152287824079394,3.14764065478812e-05,0.11771159479394555,0.060519855469465256,6.5070853165396375e-12,9.664229187961518e-13,99.76021647453308
000095.jpg,images/angry/000095.jpg,angry,angry,success,1.3432779194522126e-10,0.00036130938951828284,99.99910593032837,7.940341635072345e-11,7.288476072675465e-09,1.17921904879692e-10,0.0005350791980163194
000042.jpg,images/angry/000042.jpg,angry,angry,success,1.116258574831476e-11,1.412204042594567e-06,100.0,2.6372003544570668e-15,6.123856977069408e-07,7.30121792103727e-20,5.657382114859777e-10
000056.jpg,images/angry/000056.jpg,angry,neutral,success,0.008726966709155468,2.1664721319956857,40.57639185049485,0.019154073065948372,56.90141659387449,6.732617922560938e-05,0.3277707109016604
000240.jpg,images/angry/000240.jpg,angry,angry,success,0.0671475580009749,17.786174382427408,77.88139845354576,0.14091749392688346,2.012274546948129,6.717426453663829e-05,2.112024584469249
angry_250extra_0006.jpg,images/angry/angry_250extra_0006.jpg,angry,angry,success,4.928039070786298e-06,6.411315882880443,93.4207435501065,7.815499824638752e-07,0.03461989605862028,4.009314786000361e-08,0.1333179031799974
angry_250extra_0012.jpg,images/angry/angry_250extra_0012.jpg,angry,angry,success,7.888782544545808e-11,7.764557848107755e-06,99.74128607019352,8.217250633737037e-12,3.0382439900983725e-10,5.643510585554196e-06,0.2586940227888199
angry12.png,images/angry/angry12.png,angry,happy,success,61.75636053085327,0.22260292898863554,35.495057702064514,0.15226539690047503,0.6414544768631458,0.08952257921919227,1.6427351161837578
000136.jpg,images/angry/000136.jpg,angry,sad,success,8.850931010329077e-06,94.44831013679504,0.3479758743196726,5.86130227020476e-05,3.5061687231063843,1.895399358027138e-12,1.6974790021777153
000122.jpg,images/angry/000122.jpg,angry,angry,success,7.07374130899346e-16,1.0336150329990184e-06,92.66575531159373,3.266911973693133e-15,6.280327008786617e-13,3.419503773009159e-08,7.334243943348166
000134.jpg,images/angry/000134.jpg,angry,angry,success,0.0008234778342443345,0.09115647369438253,99.85873102299756,4.318353932042231e-07,0.0002962287402748613,4.8516781752910725e-05,0.04894426384236001
000120.jpg,images/angry/000120.jpg,angry,angry,success,3.22518947293062e-05,0.05634803002462923,98.75840559501582,0.015402477202921098,0.0008599623354557632,0.3972940604634213,0.7716556091123093
000108.jpg,images/angry/000108.jpg,angry,angry,success,0.0006149914042907767,0.00034791946745826863,99.86854195594788,1.5793163754551642e-05,3.4973379747782474e-08,2.5389210178694555e-08,0.13048561522737145
angry_250extra_0038.jpg,images/angry/angry_250extra_0038.jpg,angry,failed,no_face_detected,,,,,,,
angry_250extra_0004.jpg,images/angry/angry_250extra_0004.jpg,angry,angry,success,0.32921135425567627,2.453642338514328,86.77498698234558,0.3678436856716871,0.03955961437895894,0.08234676788561046,9.952409565448761
angry_250extra_0010.jpg,images/angry/angry_250extra_0010.jpg,angry,angry,success,0.004532970165978017,4.244101659166615,72.8173347929317,18.127145692450323,1.43542896608365,1.0151814390502645,2.3562691159523586
000040.jpg,images/angry/000040.jpg,angry,happy,success,88.79049815961686,2.823165191381906,1.1385474527265047,1.7891042959965648e-05,0.9789699576443358,5.762721539571992e-09,6.268804896260184
000054.jpg,images/angry/000054.jpg,angry,angry,success,4.327014317868433,4.932519582084563e-06,95.36864812747858,3.1306069300748644e-15,6.741851064750175e-10,6.716581682924882e-13,0.30433517978070024
000068.jpg,images/angry/000068.jpg,angry,failed,no_face_detected,,,,,,,
000083.jpg,images/angry/000083.jpg,angry,angry,success,0.042273186462961264,16.71823659917872,55.174135544999174,0.1903162576626232,9.02850743788392,0.040881476381021575,18.80564167432288
000097.jpg,images/angry/000097.jpg,angry,angry,success,9.618894409868517e-05,0.17545726150274277,76.22879147529602,2.79023297522496e-09,1.4467941511497884e-06,1.196261649738517e-05,23.595647513866425
000096.jpg,images/angry/000096.jpg,angry,angry,success,0.004923000456317383,41.49253863007291,52.43266849907261,0.00166112678719147,5.014424623778417,0.003161103463146131,1.0506195337318818
000069.jpg,images/angry/000069.jpg,angry,disgust,success,3.436456931253103e-07,0.008973751049591104,14.636756225018951,0.00017366150108304258,0.0001338082438100954,85.3397923302898,0.014165015948822683
000055.jpg,images/angry/000055.jpg,angry,angry,success,9.430877412341943e-07,1.4762804843485355,98.44569563865662,2.070953852850721e-07,0.07797876605764031,8.812652755978145e-11,3.9056530454217864e-05
000041.jpg,images/angry/000041.jpg,angry,angry,success,3.8962291171174e-07,0.28344541788101196,99.68956708908081,6.523630986521312e-05,0.0036740915675181895,0.006570928962901235,0.016682954446878284
000243.jpg,images/angry/000243.jpg,angry,angry,success,1.3432779194522126e-10,0.00036130938951828284,99.99910593032837,7.940341635072345e-11,7.288476072675465e-09,1.17921904879692e-10,0.0005350791980163194
angry_250extra_0011.jpg,images/angry/angry_250extra_0011.jpg,angry,angry,success,0.0004480054861042162,1.777158093195189,96.0768167880992,1.2939284366913962e-05,2.1439587004233958,2.518849717181938e-07,0.001603661066660549
angry_250extra_0005.jpg,images/angry/angry_250extra_0005.jpg,angry,angry,success,1.769169699628037e-06,1.5337358228862286,97.67230153083801,2.532900451879261e-09,0.7714439649134874,3.4664508003773706e-17,0.022523608640767634
angry_250extra_0039.jpg,images/angry/angry_250extra_0039.jpg,angry,angry,success,0.006723794575644931,4.912623549983079,77.65531210239982,0.004017596687304437,15.666564921550163,0.07653906028997179,1.6782203551268153
angry11.png,images/angry/angry11.png,angry,neutral,success,9.169201575787156e-06,3.3864717930555344,0.29617086984217167,0.0003897579517797567,96.20938897132874,4.853010007743741e-09,0.10756710544228554
000109.jpg,images/angry/000109.jpg,angry,angry,success,0.10095277102664113,1.0604169219732285,92.6418662071228,0.02295343001605943,0.45469123870134354,0.0773468753322959,5.641771852970123
000121.jpg,images/angry/000121.jpg,angry,angry,success,1.6413710668405912e-09,0.001261777197214542,94.91683840751648,1.720835418606015e-08,2.0172870041079705e-07,2.671764143258315e-06,5.081896111369133
000135.jpg,images/angry/000135.jpg,angry,angry,success,1.4193910174071789,1.1926805600523949,63.310086727142334,0.026908284053206444,0.0031726227462058887,24.600982666015625,9.446782618761063
angry20.png,images/angry/angry20.png,angry,failed,no_face_detected,,,,,,,
000110.jpg,images/angry/000110.jpg,angry,fear,success,7.950413873254736e-11,8.11213818341372e-08,46.86578810214996,1.6375242429937133e-12,1.7159778427606814e-14,1.459654201977842e-11,53.134214878082275
000104.jpg,images/angry/000104.jpg,angry,angry,success,0.02853911889391356,1.8759836629619397,72.60647848883143,0.7169036621990003,0.4033029319824536,9.241694017749667,15.127097971862433
000a43.jpg,images/angry/000a43.jpg,angry,angry,success,0.561600804221726,0.7226628647193748,50.4435062937148,7.146992739184845e-07,48.27010312916078,8.409842575662874e-09,0.0021259422998368875
angry_250extra_0020.jpg,images/angry/angry_250extra_0020.jpg,angry,angry,success,0.12131772236898541,28.636357188224792,70.82524299621582,2.6664807514786837e-09,0.014374172315001488,4.185402458639631e-10,0.4027079325169325
angry_250extra_0034.jpg,images/angry/angry_250extra_0034.jpg,angry,angry,success,0.02853911889391356,1.8759836629619397,72.60647848883143,0.7169036621990003,0.4033029319824536,9.241694017749667,15.127097971862433
angry_250extra_0008.jpg,images/angry/angry_250extra_0008.jpg,angry,fear,success,7.950413873254736e-11,8.11213818341372e-08,46.86578810214996,1.6375242429937133e-12,1.7159778427606814e-14,1.459654201977842e-11,53.134214878082275
000058.jpg,images/angry/000058.jpg,angry,angry,success,0.0007910295641357398,8.330157647151667,71.62306566513368,0.0008967130429791469,20.008368195100807,0.0006378429439822416,0.036086617847054345
000064.jpg,images/angry/000064.jpg,angry,fear,success,0.012410274915383022,19.948533779557494,0.08792787091362525,0.012132588026140567,0.00037309034823765786,6.533340768930393e-05,79.93855119484053
000070.jpg,images/angry/000070.jpg,angry,fear,success,0.0023460416673511887,2.7291486511649308,0.11012267638398095,0.0004401691897384298,0.6114642338199336,0.02924900560744785,96.51722353491503
000071.jpg,images/angry/000071.jpg,angry,angry,success,0.0938028450992292,0.566873585283925,79.81359603242922,0.005045511478487897,18.633358939485678,9.95122051802392e-11,0.8873181291141357
000065.jpg,images/angry/000065.jpg,angry,angry,success,7.07374130899346e-16,1.0336150329990184e-06,92.66575531159373,3.266911973693133e-15,6.280327008786617e-13,3.419503773009159e-08,7.334243943348166
000059.jpg,images/angry/000059.jpg,angry,fear,success,6.308818600276612e-10,3.0163322818619193e-05,21.736163290004338,4.991202689012755e-09,1.7808634386953728e-09,3.435232701792465e-05,78.26376816466234
angry_250extra_0009.jpg,images/angry/angry_250extra_0009.jpg,angry,angry,success,0.02853911889391356,1.8759836629619397,72.60647848883143,0.7169036621990003,0.4033029319824536,9.241694017749667,15.127097971862433
angry_250extra_0035.jpg,images/angry/angry_250extra_0035.jpg,angry,angry,success,0.004532970165978017,4.244101659166615,72.8173347929317,18.127145692450323,1.43542896608365,1.0151814390502645,2.3562691159523586
angry_250extra_0021.jpg,images/angry/angry_250extra_0021.jpg,angry,angry,success,0.3073154715821147,8.121878653764725,90.05526900291443,0.035849036066792905,0.3909802529960871,0.0004178780272923177,1.0882901027798653
000111.jpg,images/angry/000111.jpg,angry,happy,success,72.79754552811927,1.7890585856507522,18.34128270641359,0.009865769691829123,3.4315355487508237,0.20197341297995006,3.428741208164836
angry21.png,images/angry/angry21.png,angry,angry,success,0.0013642935107970324,0.0006166277497164924,88.82680402121592,0.00948418277686033,9.003924902094645e-07,0.07855828507380605,11.083172837874036
angry23.png,images/angry/angry23.png,angry,angry,success,3.960184002949063e-06,7.024284487400223e-08,96.0494875907898,4.979723664672031e-10,4.694635640927229e-13,1.333011536236114e-13,3.9505131542682648
000107.jpg,images/angry/000107.jpg,angry,angry,success,9.618894409868517e-05,0.17545726150274277,76.22879147529602,2.79023297522496e-09,1.4467941511497884e-06,1.196261649738517e-05,23.595647513866425
000113.jpg,images/angry/000113.jpg,angry,angry,success,0.0042512223444646224,0.7854577153921127,98.753821849823,0.16502488870173693,0.048289657570421696,0.005682994742528535,0.23746956139802933
angry_250extra_0037.jpg,images/angry/angry_250extra_0037.jpg,angry,angry,success,1.2102903780126255e-14,3.234878780035402e-07,99.99733567221973,1.2970992041229727e-16,1.498123016785656e-13,4.3010735030727664e-16,0.0026658260819272784
angry_250extra_0023.jpg,images/angry/angry_250extra_0023.jpg,angry,angry,success,9.430877412341943e-07,1.4762804843485355,98.44569563865662,2.070953852850721e-07,0.07797876605764031,8.812652755978145e-11,3.9056530454217864e-05
000067.jpg,images/angry/000067.jpg,angry,angry,success,3.7150480427588776e-16,9.565921839371772e-10,100.0,6.569561321156345e-19,4.371608178312124e-15,3.4901815244090114e-14,1.8518812872070356e-08
000098.jpg,images/angry/000098.jpg,angry,angry,success,0.012863019946962595,3.4340322017669678,85.31145453453064,4.272069276112234e-06,11.227912455797195,6.650589909514004e-11,0.013734385720454156
000099.jpg,images/angry/000099.jpg,angry,fear,success,0.2232366008684039,1.3850354589521885,3.611002117395401,6.368406957335537e-05,0.025743100559338927,0.00056557933021395,94.75435614585876
000066.jpg,images/angry/000066.jpg,angry,angry,success,2.5352886723339907e-05,0.08953691576607525,84.50633883476257,0.0011300191545160487,0.0007046449809422484,14.934578537940979,0.4676809534430504
000072.jpg,images/angry/000072.jpg,angry,fear,success,0.40519498636006984,10.991928366882412,9.198854821647362,0.009871431564294248,26.905325509387374,0.13564794531639107,52.3531859763112
angry_250extra_0022.jpg,images/angry/angry_250extra_0022.jpg,angry,neutral,success,0.008726966709155468,2.1664721319956857,40.57639185049485,0.019154073065948372,56.90141659387449,6.732617922560938e-05,0.3277707109016604
angry_250extra_0036.jpg,images/angry/angry_250extra_0036.jpg,angry,angry,success,0.4929066291936194,4.4691731893030635,94.35357384128258,0.0009625594667928403,0.16328109977765082,0.00022082208847095243,0.5198855572802493
000112.jpg,images/angry/000112.jpg,angry,fear,success,0.13688248582184315,0.008319244079757482,5.813325196504593,0.0005094468178867828,4.399569875079834e-08,4.8776932715099974e-06,94.04096007347107
000106.jpg,images/angry/000106.jpg,angry,angry,success,0.32921135425567627,2.453642338514328,86.77498698234558,0.3678436856716871,0.03955961437895894,0.08234676788561046,9.952409565448761
angry22.png,images/angry/angry22.png,angry,angry,success,3.0908402816315927e-06,0.0004214979478578434,99.99566078237763,1.7145952750893635e-10,0.003907887264890997,4.985988067532834e-19,5.083866943116292e-06
000102.jpg,images/angry/000102.jpg,angry,angry,success,2.4022151023928018e-05,9.114967286586761,89.98842239379883,7.818983682739145e-07,0.8765474893152714,1.7285715614434594e-05,0.020018643408548087
000116.jpg,images/angry/000116.jpg,angry,angry,success,6.119082562698608e-11,3.2275409012072487e-06,99.87632036209106,2.785898248203189e-10,2.3610588124504473e-13,2.947956809218333e-09,0.12367670424282551
angry26.png,images/angry/angry26.png,angry,angry,success,1.5068684704601765,0.5593350622802973,93.19682717323303,3.7584825918202114e-06,4.736962914466858,1.479434860751118e-12,3.2033102836948046e-07
angry_250extra_0032.jpg,images/angry/angry_250extra_0032.jpg,angry,angry,success,3.006641610260283e-11,6.251338308800502e-05,99.25815458644358,4.225239767747616e-10,4.4820168316783805e-12,9.233143966836546e-09,0.741785296680647
angry_250extra_0026.jpg,images/angry/angry_250extra_0026.jpg,angry,angry,success,0.32921135425567627,2.453642338514328,86.77498698234558,0.3678436856716871,0.03955961437895894,0.08234676788561046,9.952409565448761
000248.jpg,images/angry/000248.jpg,angry,failed,no_face_detected,,,,,,,
000089.jpg,images/angry/000089.jpg,angry,angry,success,1.6855524742789076e-06,0.008496192173322106,98.47395438266344,1.0173736550548713e-05,0.00011000227967249993,0.003021845081021385,1.5144036208804106
000088.jpg,images/angry/000088.jpg,angry,sad,success,2.7310313861729564e-06,97.33858092657213,0.09164541225443257,2.0628821836844935e-05,0.4669892880016141,4.483545768590953e-14,2.102761468455879
000063.jpg,images/angry/000063.jpg,angry,fear,success,0.13688248582184315,0.008319244079757482,5.813325196504593,0.0005094468178867828,4.399569875079834e-08,4.8776932715099974e-06,94.04096007347107
000077.jpg,images/angry/000077.jpg,angry,angry,success,7.1594803800719434e-09,0.00029480033328585216,58.67372504912168,8.279015467045635e-09,7.403782889534102e-10,2.724479115944599e-06,41.32598586833393
angry_250extra_0027.jpg,images/angry/angry_250extra_0027.jpg,angry,disgust,success,5.143059667034322e-06,1.613968051970005,22.830189764499664,2.9315327765289112e-05,3.6387785939950845e-05,45.56075930595398,29.995012283325195
angry_250extra_0033.jpg,images/angry/angry_250extra_0033.jpg,angry,angry,success,0.0004480054861042162,1.777158093195189,96.0768167880992,1.2939284366913962e-05,2.1439587004233958,2.518849717181938e-07,0.001603661066660549
angry27.png,images/angry/angry27.png,angry,angry,success,0.09134167921729386,0.27400150429457426,69.15440559387207,0.0001768047695804853,30.4797500371933,4.189068525655565e-11,0.00032461709906783653
000117.jpg,images/angry/000117.jpg,angry,angry,success,2.903791482822271e-05,7.13537076535431e-05,99.92953538894653,4.56205526688791e-06,1.996149201488606e-06,3.3225852624774177e-10,0.07036675815470517
000103.jpg,images/angry/000103.jpg,angry,angry,success,1.628529934392031e-05,8.219795439267703,91.62418942163117,3.4000069814322022e-06,0.10654108958574061,2.1016527677461564e-08,0.04945175016315279
000115.jpg,images/angry/000115.jpg,angry,angry,success,7.1594803800719434e-09,0.00029480033328585216,58.67372504912168,8.279015467045635e-09,7.403782889534102e-10,2.724479115944599e-06,41.32598586833393
000101.jpg,images/angry/000101.jpg,angry,angry,success,1.2102903780126255e-14,3.234878780035402e-07,99.99733567221973,1.2970992041229727e-16,1.498123016785656e-13,4.3010735030727664e-16,0.0026658260819272784
angry19.png,images/angry/angry19.png,angry,angry,success,0.02684855426196009,8.575882017612457,79.13910746574402,0.16256518429145217,12.038686871528625,3.2944620897978893e-05,0.056872551795095205
angry25.png,images/angry/angry25.png,angry,angry,success,0.003664319811054941,2.5255717246326352e-05,99.99629855133882,3.194594779274974e-09,7.110751167611114e-06,7.308480645530432e-10,7.803661116141242e-06
angry_250extra_0019.jpg,images/angry/angry_250extra_0019.jpg,angry,sad,success,1.594034799989874e-09,73.9452064037323,25.773894786834717,9.089248104166003e-09,0.13369903899729252,1.5601287373101513e-06,0.1472035888582468
angry_250extra_0025.jpg,images/angry/angry_250extra_0025.jpg,angry,fear,success,8.357077420351861e-11,7.61329010664591e-06,4.369080214986827,1.8717224014166007e-10,4.764944432849597e-11,1.0386457377761637e-06,95.63091345201892
angry_250extra_0031.jpg,images/angry/angry_250extra_0031.jpg,angry,angry,success,0.013041638786131736,0.5639840176422575,67.4029508348762,0.2557540473188105,0.0024355846842473005,28.47054857366698,3.2912824104687677
000061.jpg,images/angry/000061.jpg,angry,angry,success,0.0004904293129045759,0.12154072316233654,72.10780811952401,0.020088387570024287,0.03202214038410874,27.65191064190332,0.066151823134829
000049.jpg,images/angry/000049.jpg,angry,angry,success,4.094211081273613e-09,4.472196337701462e-05,99.94578957557678,1.0710078386221705e-11,6.7924393323468e-11,2.5097395450757176e-05,0.05413906183093786
disgust__predicted_angry__000108.jpg,images/angry/disgust__predicted_angry__000108.jpg,angry,angry,success,6.2434928675857894e-06,0.10862061884574518,99.58552713221636,0.05081361183351121,0.00016441766461007513,0.2038016925441256,0.0510656684976123
000048.jpg,images/angry/000048.jpg,angry,angry,success,0.10095277102664113,1.0604169219732285,92.6418662071228,0.02295343001605943,0.45469123870134354,0.0773468753322959,5.641771852970123
000074.jpg,images/angry/000074.jpg,angry,angry,success,1.17926154796388e-18,7.493618152177374e-10,99.99281763987646,7.820864557112873e-18,3.4491630345587264e-16,1.570069173756638e-12,0.007184470878966279
000060.jpg,images/angry/000060.jpg,angry,angry,success,3.5372952517079996e-10,0.002553563231503504,99.99731779130485,4.5525802696238137e-08,1.7806156202924733e-06,1.7580106106807582e-08,0.00012487629067637937
angry_250extra_0030.jpg,images/angry/angry_250extra_0030.jpg,angry,angry,success,0.02653109550010413,2.502933860171197e-06,99.93522763252258,1.08662582931629e-05,1.296299981419502e-10,1.5818323084617318e-14,0.03823378647211939
angry_250extra_0024.jpg,images/angry/angry_250extra_0024.jpg,angry,angry,success,1.5585192159051076e-05,0.0007774696314299945,77.4174690246582,1.1720282522276193e-06,4.727406244242616e-08,2.681999955456149e-07,22.581736743450165
angry_250extra_0018.jpg,images/angry/angry_250extra_0018.jpg,angry,happy,success,99.91306662559509,0.0022221700419322588,0.00041761186366784386,0.013526012480724603,0.06560661713592708,2.2731632114830758e-10,0.005161755689186975
disgust__predicted_angry__000041.jpg,images/angry/disgust__predicted_angry__000041.jpg,angry,angry,success,8.180379040823027e-05,0.005453003905131482,99.9268114566803,0.00015115024325496051,0.006103726627770811,0.030141373281367123,0.03125842777080834
angry24.png,images/angry/angry24.png,angry,angry,success,1.2941187010895305e-07,2.4606472948107694e-05,99.99991655349731,5.067580605361624e-12,2.426815415290662e-07,7.960034514828681e-17,5.738257300436089e-05
angry30.png,images/angry/angry30.png,angry,angry,success,9.810725197167819e-16,5.88391627087681e-09,99.99998807907104,5.095343312137503e-19,3.273772547319418e-14,3.4644180042271253e-23,1.3186414093979693e-05
000128.jpg,images/angry/000128.jpg,angry,angry,success,0.004923000456317383,41.49253863007291,52.43266849907261,0.00166112678719147,5.014424623778417,0.003161103463146131,1.0506195337318818
angry18.png,images/angry/angry18.png,angry,angry,success,44.71507370471954,6.674330681562424,45.330893993377686,2.3598187848250518e-07,3.2775837928056717,2.2425714063523117e-09,0.0021205774828558788
000100.jpg,images/angry/000100.jpg,angry,sad,success,0.10158219374716282,36.8423730134964,25.271248817443848,0.002173121538362466,29.455065727233887,0.028638012008741498,8.298919349908829
000114.jpg,images/angry/000114.jpg,angry,angry,success,1.5585192159051076e-05,0.0007774696314299945,77.4174690246582,1.1720282522276193e-06,4.727406244242616e-08,2.681999955456149e-07,22.581736743450165
000173.jpg,images/angry/000173.jpg,angry,disgust,success,5.143059667034322e-06,1.613968051970005,22.830189764499664,2.9315327765289112e-05,3.6387785939950845e-05,45.56075930595398,29.995012283325195
000167.jpg,images/angry/000167.jpg,angry,fear,success,4.6809012791459705e-06,4.289535098559074e-05,21.47748151287326,3.1416073394560757e-06,5.694446989743857e-10,1.1396745915723969e-05,78.52245441212979
000198.jpg,images/angry/000198.jpg,angry,neutral,success,0.0010002402632380836,3.8618456572294235,0.2727176295593381,0.00013026426586293383,93.08610558509827,7.049948180792853e-06,2.778196893632412
angry_250extra_0043.jpg,images/angry/angry_250extra_0043.jpg,angry,neutral,success,0.530807301402092,8.49480852484703,4.666789621114731,0.008643352339277044,44.89559829235077,0.04804956843145192,41.355299949645996
angry_250extra_0057.jpg,images/angry/angry_250extra_0057.jpg,angry,fear,success,8.357077420351861e-11,7.61329010664591e-06,4.369080214986827,1.8717224014166007e-10,4.764944432849597e-11,1.0386457377761637e-06,95.63091345201892
000239.jpg,images/angry/000239.jpg,angry,angry,success,1.1864450087746994,7.876987938224234e-06,98.73285866967296,5.9922427254813174e-05,2.5565301672947402e-08,1.0981760001345378e-10,0.08063103000741244
000205.jpg,images/angry/000205.jpg,angry,angry,success,0.02853911889391356,1.8759836629619397,72.60647848883143,0.7169036621990003,0.4033029319824536,9.241694017749667,15.127097971862433
000211.jpg,images/angry/000211.jpg,angry,happy,success,97.67033457756042,0.15618163160979748,0.8398336358368397,0.00024515309178241296,1.3272754848003387,5.054925367176111e-07,0.006131417467258871
000204.jpg,images/angry/000204.jpg,angry,neutral,success,0.530807301402092,8.49480852484703,4.666789621114731,0.008643352339277044,44.89559829235077,0.04804956843145192,41.355299949645996
000238.jpg,images/angry/000238.jpg,angry,angry,success,0.10225842706859112,1.3197998516261578,97.6205050945282,0.00042491769818298053,0.5265507847070694,4.571509393258566e-06,0.43045985512435436
angry_250extra_0056.jpg,images/angry/angry_250extra_0056.jpg,angry,disgust,success,1.5390490659683564e-05,0.29468401335179806,22.956013679504395,0.09365646401420236,0.0006027353720128303,75.06284713745117,1.5921765938401222
angry_250extra_0042.jpg,images/angry/angry_250extra_0042.jpg,angry,angry,success,3.039861140585742e-08,0.2270782832056284,99.75525736808777,9.345224327717006e-06,0.0003289749884061166,8.113037210932816e-05,0.017245336493942887
000199.jpg,images/angry/000199.jpg,angry,angry,success,1.2102903780126255e-14,3.234878780035402e-07,99.99733567221973,1.2970992041229727e-16,1.498123016785656e-13,4.3010735030727664e-16,0.0026658260819272784
000172.jpg,images/angry/000172.jpg,angry,angry,success,0.32921135425567627,2.453642338514328,86.77498698234558,0.3678436856716871,0.03955961437895894,0.08234676788561046,9.952409565448761
000170.jpg,images/angry/000170.jpg,angry,angry,success,2.4022151023928018e-05,9.114967286586761,89.98842239379883,7.818983682739145e-07,0.8765474893152714,1.7285715614434594e-05,0.020018643408548087
angry_250extra_0054.jpg,images/angry/angry_250extra_0054.jpg,angry,angry,success,0.0004480054861042162,1.777158093195189,96.0768167880992,1.2939284366913962e-05,2.1439587004233958,2.518849717181938e-07,0.001603661066660549
angry_250extra_0040.jpg,images/angry/angry_250extra_0040.jpg,angry,angry,success,2.4022151023928018e-05,9.114967286586761,89.98842239379883,7.818983682739145e-07,0.8765474893152714,1.7285715614434594e-05,0.020018643408548087
angry_250extra_0068.jpg,images/angry/angry_250extra_0068.jpg,angry,angry,success,0.02853911889391356,1.8759836629619397,72.60647848883143,0.7169036621990003,0.4033029319824536,9.241694017749667,15.127097971862433
000212.jpg,images/angry/000212.jpg,angry,angry,success,1.5585192159051076e-05,0.0007774696314299945,77.4174690246582,1.1720282522276193e-06,4.727406244242616e-08,2.681999955456149e-07,22.581736743450165
disgust__predicted_fear__000098.jpg,images/angry/disgust__predicted_fear__000098.jpg,angry,fear,success,0.011894831587524671,31.015201686000623,0.02371465242656366,3.202319094512524e-06,0.032673437560722225,5.81682588254648e-07,68.91650332015713
000206.jpg,images/angry/000206.jpg,angry,disgust,success,1.5390490659683564e-05,0.29468401335179806,22.956013679504395,0.09365646401420236,0.0006027353720128303,75.06284713745117,1.5921765938401222
disgust__predicted_angry__000192.jpg,images/angry/disgust__predicted_angry__000192.jpg,angry,angry,success,0.010330900001505017,10.5398497307211,73.45532020660163,0.058796848182564865,15.769071326796492,0.0027829831946160873,0.16385117591030454
000038.jpg,images/angry/000038.jpg,angry,angry,success,3.039861140585742e-08,0.2270782832056284,99.75525736808777,9.345224327717006e-06,0.0003289749884061166,8.113037210932816e-05,0.017245336493942887
000039.jpg,images/angry/000039.jpg,angry,angry,success,0.0004480054861042162,1.777158093195189,96.0768167880992,1.2939284366913962e-05,2.1439587004233958,2.518849717181938e-07,0.001603661066660549
000213.jpg,images/angry/000213.jpg,angry,fear,success,7.648793621581585e-11,7.783161956992718e-06,4.18839777638899,1.6973928700473714e-10,4.582853467316541e-11,9.014820538921211e-07,95.81159328291376
angry_250extra_0069.jpg,images/angry/angry_250extra_0069.jpg,angry,angry,success,0.031864538323134184,0.7299784105271101,97.15551137924194,0.007242617721203715,2.057933248579502,8.220636615874355e-07,0.017472119361627847
angry_250extra_0041.jpg,images/angry/angry_250extra_0041.jpg,angry,angry,success,4.928039070786298e-06,6.411315882880443,93.4207435501065,7.815499824638752e-07,0.03461989605862028,4.009314786000361e-08,0.1333179031799974
angry_250extra_0055.jpg,images/angry/angry_250extra_0055.jpg,angry,angry,success,0.013041638786131736,0.5639840176422575,67.4029508348762,0.2557540473188105,0.0024355846842473005,28.47054857366698,3.2912824104687677
000171.jpg,images/angry/000171.jpg,angry,angry,success,3.006641610260283e-11,6.251338308800502e-05,99.25815458644358,4.225239767747616e-10,4.4820168316783805e-12,9.233143966836546e-09,0.741785296680647
000165.jpg,images/angry/000165.jpg,angry,disgust,success,0.7779592186410167,0.35950192621327326,0.8875845804709697,0.004088554000286467,0.019064736899187487,94.94432271190611,3.007477349641639
000175.jpg,images/angry/000175.jpg,angry,angry,success,1.628529934392031e-05,8.219795439267703,91.62418942163117,3.4000069814322022e-06,0.10654108958574061,2.1016527677461564e-08,0.04945175016315279
angry_250extra_0051.jpg,images/angry/angry_250extra_0051.jpg,angry,angry,success,4.928039070786298e-06,6.411315882880443,93.4207435501065,7.815499824638752e-07,0.03461989605862028,4.009314786000361e-08,0.1333179031799974
angry_250extra_0045.jpg,images/angry/angry_250extra_0045.jpg,angry,fear,success,7.950413873254736e-11,8.11213818341372e-08,46.86578810214996,1.6375242429937133e-12,1.7159778427606814e-14,1.459654201977842e-11,53.134214878082275
000217.jpg,images/angry/000217.jpg,angry,angry,success,7.07374130899346e-16,1.0336150329990184e-06,92.66575531159373,3.266911973693133e-15,6.280327008786617e-13,3.419503773009159e-08,7.334243943348166
000203.jpg,images/angry/000203.jpg,angry,angry,success,9.430877412341943e-07,1.4762804843485355,98.44569563865662,2.070953852850721e-07,0.07797876605764031,8.812652755978145e-11,3.9056530454217864e-05
000029.jpg,images/angry/000029.jpg,angry,angry,success,1.769169699628037e-06,1.5337358228862286,97.67230153083801,2.532900451879261e-09,0.7714439649134874,3.4664508003773706e-17,0.022523608640767634
000028.jpg,images/angry/000028.jpg,angry,angry,success,3.006641610260283e-11,6.251338308800502e-05,99.25815458644358,4.225239767747616e-10,4.4820168316783805e-12,9.233143966836546e-09,0.741785296680647
000202.jpg,images/angry/000202.jpg,angry,angry,success,1.3006881682819937e-08,8.188065976355574e-05,99.96063113212585,0.001110407720261719,2.737022164467362e-07,0.036415515933185816,0.0017606009350856766
000216.jpg,images/angry/000216.jpg,angry,fear,success,2.9112679715392987e-10,3.0730375455228464e-05,8.919125581927632,2.0193410648212093e-09,1.6541028214400388e-09,3.0252848075770683e-05,91.08081406836594
angry_250extra_0044.jpg,images/angry/angry_250extra_0044.jpg,angry,angry,success,0.001367977820970201,0.2018977181586363,96.29283591594267,1.4643163407049078e-09,3.2051445673644516e-06,0.006076252251271822,3.4978277536835964
angry_250extra_0050.jpg,images/angry/angry_250extra_0050.jpg,angry,happy,success,99.91306662559509,0.0022221700419322588,0.00041761186366784386,0.013526012480724603,0.06560661713592708,2.2731632114830758e-10,0.005161755689186975
000174.jpg,images/angry/000174.jpg,angry,fear,success,7.950413873254736e-11,8.11213818341372e-08,46.86578810214996,1.6375242429937133e-12,1.7159778427606814e-14,1.459654201977842e-11,53.134214878082275
000176.jpg,images/angry/000176.jpg,angry,angry,success,0.004532970165978017,4.244101659166615,72.8173347929317,18.127145692450323,1.43542896608365,1.0151814390502645,2.3562691159523586
000189.jpg,images/angry/000189.jpg,angry,angry,success,0.10095277102664113,1.0604169219732285,92.6418662071228,0.02295343001605943,0.45469123870134354,0.0773468753322959,5.641771852970123
angry_250extra_0046.jpg,images/angry/angry_250extra_0046.jpg,angry,angry,success,0.00018234268382000642,0.00015962972754733742,99.96389151049954,2.3090988588574368e-07,9.53298853901069e-09,8.892415257127009e-10,0.03576747122850612
angry_250extra_0052.jpg,images/angry/angry_250extra_0052.jpg,angry,angry,success,0.0042512223444646224,0.7854577153921127,98.753821849823,0.16502488870173693,0.048289657570421696,0.005682994742528535,0.23746956139802933
000200.jpg,images/angry/000200.jpg,angry,angry,success,2.903791482822271e-05,7.13537076535431e-05,99.92953538894653,4.56205526688791e-06,1.996149201488606e-06,3.3225852624774177e-10,0.07036675815470517
000214.jpg,images/angry/000214.jpg,angry,angry,success,0.031864538323134184,0.7299784105271101,97.15551137924194,0.007242617721203715,2.057933248579502,8.220636615874355e-07,0.017472119361627847
000228.jpg,images/angry/000228.jpg,angry,angry,success,1.4219703514943347e-05,1.78421246127113,71.20078883185187,2.4480893160343332e-05,0.0005847336660402257,1.1338889763752775,25.88049338111163
000229.jpg,images/angry/000229.jpg,angry,fear,success,5.71209411622649e-07,0.00731004751456335,43.65706221377108,6.539184413801214e-06,2.663645874970924e-07,0.09165916779788819,56.24395534468229
000215.jpg,images/angry/000215.jpg,angry,disgust,success,0.7779592186410167,0.35950192621327326,0.8875845804709697,0.004088554000286467,0.019064736899187487,94.94432271190611,3.007477349641639
000201.jpg,images/angry/000201.jpg,angry,angry,success,5.759307800613904,0.017950272783511398,85.5373340204556,6.411601507005404e-05,8.685336716730985,1.5868711447649455e-12,1.7561898284840816e-06
angry_250extra_0053.jpg,images/angry/angry_250extra_0053.jpg,angry,angry,success,8.563029625652252e-10,2.703364476719372e-08,99.99877214431763,4.1351888276433546e-11,3.58309892114044e-15,7.555390423302918e-14,0.0012269460967218038
angry_250extra_0047.jpg,images/angry/angry_250extra_0047.jpg,angry,angry,success,2.4022151023928018e-05,9.114967286586761,89.98842239379883,7.818983682739145e-07,0.8765474893152714,1.7285715614434594e-05,0.020018643408548087
000188.jpg,images/angry/000188.jpg,angry,angry,success,6.119082562698608e-11,3.2275409012072487e-06,99.87632036209106,2.785898248203189e-10,2.3610588124504473e-13,2.947956809218333e-09,0.12367670424282551
000163.jpg,images/angry/000163.jpg,angry,sad,success,0.4548456443285174,32.01716458592837,21.364038125987275,7.430515297589863,21.734381111338006,0.031878760475217045,16.9671708980595
000177.jpg,images/angry/000177.jpg,angry,angry,success,0.0004480054861042162,1.777158093195189,96.0768167880992,1.2939284366913962e-05,2.1439587004233958,2.518849717181938e-07,0.001603661066660549
000152.jpg,images/surprise/000152.jpg,surprise,surprise,success,0.007108288264134899,0.0012254683497303631,0.08331892895512283,74.42535161972046,2.5008860760067364e-06,1.8352332631366153e-05,25.48297643661499
000146.jpg,images/surprise/000146.jpg,surprise,surprise,success,0.0005650176262861351,2.995823367157868e-07,1.447894248940429e-05,99.82300400733948,1.0143508949456148e-08,9.049706419114692e-17,0.1764164655469358
000191.jpg,images/surprise/000191.jpg,surprise,surprise,success,0.003602316792239435,2.6493546245731636e-08,8.246397342759337e-07,99.99253749847412,4.1031831266025165e-07,5.4365210944829325e-14,0.003859200660372153
000185.jpg,images/surprise/000185.jpg,surprise,surprise,success,4.1350591573063866e-05,1.5985034407250964e-07,0.03857928968500346,99.81250166893005,5.17052512805094e-05,4.195472911305842e-05,0.1487906207330525
fear__predicted_surprise__000085.jpg,images/surprise/fear__predicted_surprise__000085.jpg,surprise,surprise,success,0.03534126153681427,0.036970627843402326,3.2164622098207474,60.790008306503296,2.7831237048303592e-05,0.0003044393906748155,35.92088520526886
000218.jpg,images/surprise/000218.jpg,surprise,surprise,success,46.214479207992554,5.8550103654297914e-08,6.83913503607414e-07,53.767794370651245,0.0044229906052351,3.619884611245211e-11,0.013302934530656785
surprise_250extra_0035.jpeg,images/surprise/surprise_250extra_0035.jpeg,surprise,surprise,success,6.202655576659222e-12,1.222199059716501e-14,3.453792766648818e-12,99.99991655349731,4.646130295066808e-17,1.3954534028789293e-23,8.752017492952291e-05
surprise_250extra_0023.jpg,images/surprise/surprise_250extra_0023.jpg,surprise,surprise,success,0.01598581875441596,0.24134770501405,5.503248423337936,74.0605354309082,0.035118209780193865,0.0014319793990580365,20.14233022928238
surprise_250extra_0037.jpg,images/surprise/surprise_250extra_0037.jpg,surprise,surprise,success,3.1445875820667246e-13,4.838314646852811e-16,2.5729974672817875e-13,99.99955892562866,1.3731521285807038e-18,4.760785975067568e-28,0.00044109706323069986
000026.jpg,images/surprise/000026.jpg,surprise,surprise,success,1.0390361904200063e-07,4.174082954278013e-09,0.00046827321966702584,99.99947547912598,4.075218446050288e-14,1.7372447224838687e-16,6.152679361548508e-05
000032.jpg,images/surprise/000032.jpg,surprise,fear,success,1.287271267358392e-06,2.098486662216459e-09,0.0002804356427077437,16.65259152650833,1.4680290538965704e-12,1.061113324892773e-12,83.34712982177734
000027.jpg,images/surprise/000027.jpg,surprise,surprise,success,1.7892054415824532e-05,1.5341467679563792e-09,0.0014143027328827884,99.95399713516235,3.996745713926624e-13,1.8003407890599928e-13,0.044574966887012124
surprise_250extra_0036.jpg,images/surprise/surprise_250extra_0036.jpg,surprise,surprise,success,0.001152297954831738,0.0029478662327164784,0.5012550856918097,92.1051561832428,1.3367844609035728e-07,2.935379272983596e-07,7.389484345912933
000231.jpg,images/surprise/000231.jpg,surprise,neutral,success,0.0036923120205756277,0.006656101322732866,3.4460401820979314e-05,3.703319251258108e-06,99.98960494995117,6.558697292549787e-16,7.236958765588497e-06
000225.jpg,images/surprise/000225.jpg,surprise,surprise,success,0.19300362328067422,0.008223805343732238,0.013585231499746442,99.69623684883118,0.0021873969672014937,2.406692900525087e-10,0.08676006691530347
surprise_250extra_0022.jpg,images/surprise/surprise_250extra_0022.jpg,surprise,happy,success,89.8105489981829,0.00043654122893561356,0.0004423522186516402,0.22835333759824486,9.958696807467557,2.9604194155792456e-09,0.0015244416316014518
000219.jpg,images/surprise/000219.jpg,surprise,failed,no_face_detected,,,,,,,
fear__predicted_surprise__000090.jpg,images/surprise/fear__predicted_surprise__000090.jpg,surprise,surprise,success,0.01175852376036346,7.0793703343952075e-06,0.005376707485993393,52.81933546066284,1.7375192395974182e-07,1.759515103061382e-09,47.16352820396423
000184.jpg,images/surprise/000184.jpg,surprise,surprise,success,2.2194926430074702e-05,2.1992137888560137e-06,2.5715277729432273e-05,97.79675006866455,2.7613587860741973e-06,2.5224837330029004e-06,2.2032001987099648
000190.jpg,images/surprise/000190.jpg,surprise,surprise,success,5.6134439112226215e-06,3.2698624675569687e-13,3.033541099275447e-08,99.96398091101533,1.0479591225392687e-17,6.963718737078866e-14,0.03601291606186575
000147.jpg,images/surprise/000147.jpg,surprise,surprise,success,0.004086881257830373,0.010439252429665709,0.006704150220024187,91.49149161678652,0.1366327237440379,4.6252887668389865e-08,8.350644010228633
000179.jpg,images/surprise/000179.jpg,surprise,surprise,success,36.12029850482941,0.04938956699334085,0.046835452667437494,55.79941272735596,4.433240368962288,5.098586370877456e-05,3.550776094198227
000145.jpg,images/surprise/000145.jpg,surprise,surprise,success,0.0012855350178142544,1.0119451934395562e-10,4.454800546227489e-05,87.61151432991028,6.017691987075802e-10,2.0953668115116387e-13,12.387152761220932
000151.jpg,images/surprise/000151.jpg,surprise,surprise,success,0.00012108089322282467,2.0145033288943492e-13,1.295525731137559e-06,99.96662139892578,5.499844897116582e-16,9.560944362727325e-17,0.03326108562760055
000186.jpg,images/surprise/000186.jpg,surprise,surprise,success,0.003819743506028317,1.5786515206173135e-06,0.02008337323786691,99.34163093566895,1.7295146976896436e-11,5.9942590442067095e-12,0.6344683468341827
000192.jpg,images/surprise/000192.jpg,surprise,surprise,success,0.002753913377528504,4.1002978537076274e-13,6.042918748091186e-08,99.97017383397662,1.2363217948002934e-16,8.102739680079366e-17,0.027072582610552468
fear__predicted_surprise__000079.jpg,images/surprise/fear__predicted_surprise__000079.jpg,surprise,surprise,success,3.157064440983959e-05,0.013455358566716313,0.003793629730353132,88.43634128570557,3.4968052059412003,2.069474105970137e-09,8.049571514129639
surprise_250extra_0008.jpg,images/surprise/surprise_250extra_0008.jpg,surprise,surprise,success,4.915683745471133e-10,2.05299147369618e-14,1.40780950062141e-12,99.99991655349731,8.346591653958167e-18,1.318761578268507e-23,8.688050456839846e-05
000233.jpg,images/surprise/000233.jpg,surprise,surprise,success,0.033794023329392076,3.2222981616314428e-06,4.7423537807844696e-05,99.36208128929138,4.944891163205511e-07,1.1814173639379533e-06,0.6040703505277634
surprise_250extra_0034.jpg,images/surprise/surprise_250extra_0034.jpg,surprise,surprise,success,0.00033894625630637165,2.1507083614036304e-08,5.137133740618083e-06,99.07069206237793,7.431053927579867e-11,1.7468050660454648e-10,0.9289612993597984
surprise_250extra_0020.jpg,images/surprise/surprise_250extra_0020.jpg,surprise,surprise,success,0.04150332781133519,0.003335335912729146,0.148589440630492,86.4334515591533,0.0019968597651915856,2.063091651695481e-05,13.371106289095062
000227.jpg,images/surprise/000227.jpg,surprise,neutral,success,6.53663050798059e-05,9.79926660656929,2.4149809032678604,4.203940591196442e-05,48.10713231563568,8.361072190155028e-06,39.67849910259247
000031.jpg,images/surprise/000031.jpg,surprise,angry,success,0.03861431032419205,0.03447861527092755,85.68553328514099,11.399650573730469,0.0009278558536607306,0.3325189230963588,2.5082748383283615
000025.jpg,images/surprise/000025.jpg,surprise,surprise,success,5.200853835617096e-07,5.4594575389739717e-11,4.084949983062061e-09,98.46474519161852,8.797899335623349e-18,3.2728947387757824e-18,1.5352548083814865
000030.jpg,images/surprise/000030.jpg,surprise,surprise,success,0.009732959733810276,1.4088706952614658e-14,5.10280955268172e-06,99.98210072517395,2.6542450003449083e-17,5.102564421170506e-18,0.008159055141732097
surprise_250extra_0021.jpg,images/surprise/surprise_250extra_0021.jpg,surprise,surprise,success,3.721621365845428e-13,8.599467875799016e-18,2.718850823326584e-14,100.0,1.1118733495582697e-25,1.1787500828153866e-22,2.4923139108068426e-06
000232.jpg,images/surprise/000232.jpg,surprise,surprise,success,0.00191052404261427,2.787201719423038e-09,2.2756614370678108e-07,99.99754428863525,2.1558665252996434e-05,9.519376242812805e-19,0.0005267693268251605
000193.jpg,images/surprise/000193.jpg,surprise,failed,no_face_detected,,,,,,,
000187.jpg,images/surprise/000187.jpg,surprise,surprise,success,2.685139003505421e-10,2.0222417074222676e-07,3.4540859755738396e-10,99.99933242797852,1.8566431961189282e-12,3.1233234136339822e-21,0.0006671152277704095
000150.jpg,images/surprise/000150.jpg,surprise,surprise,success,0.04955438189864076,0.0007382665473723383,0.015719054080975313,94.59000890374078,0.015089887549164141,0.003766572541560712,5.325119680151977
000144.jpg,images/surprise/000144.jpg,surprise,neutral,success,0.17089294269680977,3.7336964160203934,0.017968543397728354,21.75390273332596,44.190096855163574,6.567361671844241e-10,30.13344407081604
surprise_250extra_0003.jpeg,images/surprise/surprise_250extra_0003.jpeg,surprise,surprise,success,6.202655576659222e-12,1.222199059716501e-14,3.453792766648818e-12,99.99991655349731,4.646130295066808e-17,1.3954534028789293e-23,8.752017492952291e-05
000178.jpg,images/surprise/000178.jpg,surprise,surprise,success,0.0006512687832582742,6.406096486610835e-09,0.0004249639459885657,98.2601523399353,6.418497613421394e-13,3.3510069719078217e-09,1.7387734726071358
000140.jpg,images/surprise/000140.jpg,surprise,fear,success,0.6519776303321123,1.844022423028946,0.0907009351067245,29.49380874633789,1.755293644964695,1.0964632535248597e-07,66.16419553756714
000154.jpg,images/surprise/000154.jpg,surprise,fear,success,3.441067440702496e-05,0.0031471669046847913,0.0013046415783728575,6.242802738714381,1.2850397068553886e-07,7.836326499599062e-09,93.75271163896987
000183.jpg,images/surprise/000183.jpg,surprise,surprise,success,1.4580611162884338e-07,9.676579199383029e-11,2.5783869483930744e-08,99.99873638153076,4.915039458330134e-12,1.9044365854754548e-14,0.0012634917766263243
000197.jpg,images/surprise/000197.jpg,surprise,surprise,success,1.7980489618718153e-06,0.00010005923003067128,0.050096842309091415,99.94261265485136,4.7642689664956385e-09,4.307416322923634e-10,0.00718390570763505
surprise_250extra_0031.jpg,images/surprise/surprise_250extra_0031.jpg,surprise,surprise,success,1.0030802577443154e-09,3.019025862638358e-08,1.7918353467649695e-07,99.99873638153076,5.832232229308803e-13,1.3529538152484732e-14,0.0012673112905758899
000222.jpg,images/surprise/000222.jpg,surprise,surprise,success,1.931182964653999e-05,4.215547182162549e-10,0.00011089284726040205,78.31712365150452,1.994198387431667e-14,1.8495184631863934e-13,21.682748198509216
surprise_250extra_0025.jpg,images/surprise/surprise_250extra_0025.jpg,surprise,surprise,success,0.0048596579290460795,4.0533003620168984e-07,0.01262308651348576,94.19193863868713,3.2432197118875683e-10,1.1958842119699775e-10,5.790577456355095
surprise_250extra_0019.jpg,images/surprise/surprise_250extra_0019.jpg,surprise,surprise,success,1.5703062183902716e-07,1.8986821836985968e-08,5.456075413690087e-06,99.99030828475952,8.897654141248879e-09,2.004865443913355e-15,0.009689755825093016
000034.jpg,images/surprise/000034.jpg,surprise,surprise,success,1.9213375335169758e-07,6.480081228554813e-11,2.5568114292440214e-08,99.97249245643616,3.5762607182781376e-14,5.292689093231252e-16,0.027505928301252425
000021.jpg,images/surprise/000021.jpg,surprise,happy,success,86.98090314865112,11.41754537820816,4.619348032974813e-05,0.00012943402225573664,1.0813221335411072,8.803185502608002e-11,0.5200567655265331
000035.jpg,images/surprise/000035.jpg,surprise,surprise,success,4.915683745471133e-10,2.05299147369618e-14,1.40780950062141e-12,99.99991655349731,8.346591653958167e-18,1.318761578268507e-23,8.688050456839846e-05
surprise_250extra_0018.jpg,images/surprise/surprise_250extra_0018.jpg,surprise,surprise,success,0.00012108089322282467,2.0145033288943492e-13,1.295525731137559e-06,99.96662139892578,5.499844897116582e-16,9.560944362727325e-17,0.03326108562760055
000223.jpg,images/surprise/000223.jpg,surprise,surprise,success,2.9252739119911553e-09,8.799821400306695e-20,1.5345186362148827e-15,99.9998927116394,3.1012874338128503e-25,7.147658663621277e-27,0.00010524817071200232
fear__predicted_surprise__000109.jpg,images/surprise/fear__predicted_surprise__000109.jpg,surprise,surprise,success,36.12029850482941,0.04938956699334085,0.046835452667437494,55.79941272735596,4.433240368962288,5.098586370877456e-05,3.550776094198227
surprise_250extra_0024.jpg,images/surprise/surprise_250extra_0024.jpg,surprise,surprise,success,3.134024382234202e-05,7.623824904712251e-08,2.6652850593222865e-06,98.69168996810913,2.648718050446419e-10,3.267721312180498e-12,1.3082750141620636
surprise_250extra_0030.jpg,images/surprise/surprise_250extra_0030.jpg,surprise,surprise,success,0.0048596579290460795,4.0533003620168984e-07,0.01262308651348576,94.19193863868713,3.2432197118875683e-10,1.1958842119699775e-10,5.790577456355095
000237.jpg,images/surprise/000237.jpg,surprise,surprise,success,21.164776384830475,0.03873202076647431,11.166618764400482,56.90199136734009,1.0894543045480987e-06,2.4398930098534777e-08,10.727880895137787
000196.jpg,images/surprise/000196.jpg,surprise,surprise,success,4.194500036192039e-06,1.975060219538971e-09,5.7242144357871894e-08,99.99518394470215,2.1122437312274438e-13,3.485315606000655e-11,0.004817352237296291
000182.jpg,images/surprise/000182.jpg,surprise,surprise,success,4.915683745471133e-10,2.05299147369618e-14,1.40780950062141e-12,99.99991655349731,8.346591653958167e-18,1.318761578268507e-23,8.688050456839846e-05
000155.jpg,images/surprise/000155.jpg,surprise,surprise,success,8.069174282321895e-09,1.3907539428269792e-16,2.1694797252814266e-08,99.99982714651985,4.069607095342213e-15,1.214676631124654e-23,0.00017311256110142932
000157.jpg,images/surprise/000157.jpg,surprise,surprise,success,36.269454804723885,2.838459866286383e-05,2.7931747093980488e-05,63.64234523268399,0.0020459444675306865,1.6587983348169521e-10,0.0860887418786446
000143.jpg,images/surprise/000143.jpg,surprise,fear,success,0.48675709404051304,1.3918465934693813,0.3536980366334319,37.408316135406494,0.10894369333982468,2.3427690010180413e-06,60.25044322013855
000194.jpg,images/surprise/000194.jpg,surprise,surprise,success,4.3942195666673775e-12,1.4967595692838354e-18,8.13183816616124e-13,100.0,3.7915278221506083e-25,9.72017368017778e-22,9.064812900305697e-07
000180.jpg,images/surprise/000180.jpg,surprise,surprise,success,5.075080782808522e-05,0.0016833725661140348,0.012016158859742962,98.89844053378347,2.9111664815362873e-08,3.449427060863936e-09,1.0878081150536605
surprise_250extra_0026.jpg,images/surprise/surprise_250extra_0026.jpg,surprise,surprise,success,27.130584545766386,0.002598706460329437,0.010068710125654422,72.85063700977784,0.0010915996167924027,1.3165030614872508e-09,0.005022526901626701
000235.jpg,images/surprise/000235.jpg,surprise,surprise,success,0.015112412247987822,1.4390358207912427e-06,3.2673218257761647e-05,96.79676871280483,1.7991556854465828e-11,9.896272586187403e-09,3.188085000996888
surprise_250extra_0032.jpg,images/surprise/surprise_250extra_0032.jpg,surprise,surprise,success,1.0390361904200063e-07,4.174082954278013e-09,0.00046827321966702584,99.99947547912598,4.075218446050288e-14,1.7372447224838687e-16,6.152679361548508e-05
000023.jpg,images/surprise/000023.jpg,surprise,surprise,success,0.001932624218170531,2.886104096206846e-14,6.831084142788768e-07,99.82869029045105,1.2071629199122297e-20,5.213012575088307e-16,0.16937865875661373
000037.jpg,images/surprise/000037.jpg,surprise,surprise,success,1.5703062183902716e-07,1.8986821836985968e-08,5.456075413690087e-06,99.99030828475952,8.897654141248879e-09,2.004865443913355e-15,0.009689755825093016
000036.jpg,images/surprise/000036.jpg,surprise,surprise,success,1.0030802577443154e-09,3.019025862638358e-08,1.7918353467649695e-07,99.99873638153076,5.832232229308803e-13,1.3529538152484732e-14,0.0012673112905758899
000022.jpg,images/surprise/000022.jpg,surprise,surprise,success,0.4066836088895798,1.0685308836400509,0.8018243126571178,70.28364539146423,1.3182029128074646,0.00018103575030181673,26.12093985080719
000208.jpg,images/surprise/000208.jpg,surprise,happy,success,77.93973684310913,2.6260188468185675e-08,2.7886155606893226e-07,20.49783617258072,2.7901331023372222e-06,2.962043957005167e-20,1.5624294057488441
surprise_250extra_0033.jpg,images/surprise/surprise_250extra_0033.jpg,surprise,surprise,success,6.112475858799371e-06,2.6780269668513768e-08,3.645839852239874e-07,99.85275268554688,2.7251252469884246e-10,2.1855118876046774e-16,0.1472403877414763
surprise_250extra_0027.jpg,images/surprise/surprise_250extra_0027.jpg,surprise,happy,success,99.99796152114868,0.00164626235346077,0.00013979130244479165,2.0554971692077258e-15,1.315281217273423e-09,3.418060626203534e-09,0.00025567778720869683
000220.jpg,images/surprise/000220.jpg,surprise,fear,success,0.014375927017425506,2.139083972384456,5.689519710598026,15.067656032126424,0.08216062163323204,4.124345102276346e-05,77.00715935144909
000181.jpg,images/surprise/000181.jpg,surprise,surprise,success,0.0048596579290460795,4.0533003620168984e-07,0.01262308651348576,94.19193863868713,3.2432197118875683e-10,1.1958842119699775e-10,5.790577456355095
000195.jpg,images/surprise/000195.jpg,surprise,surprise,success,0.02818085195031017,0.0004883328074356541,0.031020556343719363,80.5607557296753,1.695229769893558e-05,6.502137352981663e-05,19.379471242427826
000142.jpg,images/surprise/000142.jpg,surprise,surprise,success,0.006341745000804439,0.0003670608993057556,0.17684070846474667,83.5815747283012,0.005752311013596309,2.3458010513194628e-07,16.229119452343053
000156.jpg,images/surprise/000156.jpg,surprise,surprise,success,5.622835530516568e-07,16.380149126052856,3.386712446808815,56.70948624610901,5.079252272844315,5.96766802640758e-08,18.444402515888214
000119.jpg,images/surprise/000119.jpg,surprise,sad,success,0.09930271189659834,41.346848011016846,10.802459716796875,22.566497325897217,7.864592224359512,0.0007862569873395842,17.319519817829132
000131.jpg,images/surprise/000131.jpg,surprise,surprise,success,0.5593733862042427,3.562873871487682e-05,0.0006304399448708864,99.13972616195679,2.7296823645883705e-05,1.0643161682245784e-13,0.30020701233297586
000125.jpg,images/surprise/000125.jpg,surprise,surprise,success,3.8194457374629565e-05,8.821771293878555,0.3189117182046175,82.50688910484314,5.082970857620239,1.0879891432225008e-08,3.269416466355324
fear__predicted_surprise__000025.jpg,images/surprise/fear__predicted_surprise__000025.jpg,surprise,surprise,success,7.850680825913225e-11,5.541634373606996e-08,1.4626803457665205e-10,90.69458842277527,2.1205261505063966e-09,8.720580417040553e-22,9.30541455745697
surprise_250extra_0068.jpg,images/surprise/surprise_250extra_0068.jpg,surprise,surprise,success,2.2515290413333e-10,1.4194942964118606e-09,2.2219679429724692e-07,99.9993085861206,1.2203420723285439e-14,7.033810397655851e-16,0.0006917133759998251
surprise_250extra_0040.jpg,images/surprise/surprise_250extra_0040.jpg,surprise,surprise,success,0.0006512687832582742,6.406096486610835e-09,0.0004249639459885657,98.2601523399353,6.418497613421394e-13,3.3510069719078217e-09,1.7387734726071358
surprise_250extra_0054.jpg,images/surprise/surprise_250extra_0054.jpg,surprise,surprise,success,0.0011502419511089101,2.713391431283734e-14,3.273937210224176e-06,99.46550130844116,3.484612633169352e-19,1.5900590167002657e-15,0.5333510227501392
surprise11.png,images/surprise/surprise11.png,surprise,surprise,success,1.374126090691874e-08,3.569240714616784e-11,1.7482786052180899e-09,99.99443292617798,5.945546354772405e-16,1.2769258849083809e-12,0.005564275124925189
000045.jpg,images/surprise/000045.jpg,surprise,surprise,success,3.134024382234202e-05,7.623824904712251e-08,2.6652850593222865e-06,98.69168996810913,2.648718050446419e-10,3.267721312180498e-12,1.3082750141620636
000051.jpg,images/surprise/000051.jpg,surprise,surprise,success,3.0870753869871592e-09,6.672545454147325e-23,5.737530811783867e-12,99.99924898147583,4.691899373002036e-28,8.40735412272214e-24,0.0007500214451283682
000086.jpg,images/surprise/000086.jpg,surprise,surprise,success,0.0006018011749253145,1.4098554761877041e-09,0.030036231663375,99.34661384502732,1.2596835032071759e-12,4.446960565056976e-08,0.622749645128825
000092.jpg,images/surprise/000092.jpg,surprise,surprise,success,1.0373873212613601e-08,7.670410897333612e-06,2.9303009766660625e-06,99.99787211405469,1.0201987641028687e-07,2.7704244919657388e-17,0.0021200508298894884
000087.jpg,images/surprise/000087.jpg,surprise,surprise,success,0.000330894792282853,2.119744610454746e-10,4.043526588099123e-08,99.97034072699194,2.90324795140854e-15,5.0119961976524453e-17,0.029326057412538374
000050.jpg,images/surprise/000050.jpg,surprise,happy,success,82.32240080833435,14.529429376125336,0.00015708949376858072,0.00034850361316784984,1.8038582056760788,2.883583129220657e-10,1.343808975070715
000044.jpg,images/surprise/000044.jpg,surprise,surprise,success,0.01598581875441596,0.24134770501405,5.503248423337936,74.0605354309082,0.035118209780193865,0.0014319793990580365,20.14233022928238
000078.jpg,images/surprise/000078.jpg,surprise,surprise,success,1.3332902837337457e-08,9.356349510018459e-17,2.2807569721727816e-08,100.0,5.346548063685499e-16,2.418458653076831e-18,4.26725911550907e-09
surprise_250extra_0055.jpg,images/surprise/surprise_250extra_0055.jpg,surprise,surprise,success,5.200853835617096e-07,5.4594575389739717e-11,4.084949983062061e-09,98.46474519161852,8.797899335623349e-18,3.2728947387757824e-18,1.5352548083814865
surprise_250extra_0041.jpg,images/surprise/surprise_250extra_0041.jpg,surprise,surprise,success,1.0098577443213919e-11,1.7113607107854573e-07,1.9325305009054065e-08,99.99989867209784,1.890513411976259e-11,1.1661834501148605e-18,0.00010138911115485534
surprise_250extra_0044.jpeg,images/surprise/surprise_250extra_0044.jpeg,surprise,surprise,success,5.413596682046773e-05,1.3574033661412771e-11,3.482201860194323e-07,99.9115526676178,1.5956018084011957e-13,7.51342708760696e-16,0.08839077781885862
surprise_250extra_0069.jpg,images/surprise/surprise_250extra_0069.jpg,surprise,surprise,success,6.380930923278983,0.00021001245728564428,0.06219224676518123,92.77163104841894,0.0029280157758789227,4.159469905517899e-07,0.782106583989059
000124.jpg,images/surprise/000124.jpg,surprise,angry,success,0.8758728392422199,6.538825482130051,92.23479628562927,0.006284379196586087,0.004181750409770757,0.014523457502946258,0.32551297917962074
000130.jpg,images/surprise/000130.jpg,surprise,fear,success,5.390563441390503e-06,0.0049231728141511605,0.032783348163339714,6.886141946223099e-07,0.0027424012301234925,4.865509192841708e-07,99.9595463324134
000118.jpg,images/surprise/000118.jpg,surprise,surprise,success,0.004173346678726375,3.753340416245976e-08,0.0005405851879913826,99.5775043964386,1.0288046083724734e-12,7.232186516326067e-08,0.41778446175158024
000126.jpg,images/surprise/000126.jpg,surprise,surprise,success,9.026753389207443e-06,1.8129308054781745e-07,9.738387873881038e-08,99.8766303062439,1.8725110437906034e-10,3.622541380906251e-13,0.12336033396422863
surprise_250extra_0057.jpg,images/surprise/surprise_250extra_0057.jpg,surprise,surprise,success,5.306379762259894e-05,2.521747914652206e-09,2.1335678113132417e-06,68.24121475219727,3.6239837086088356e-12,4.960477354939465e-13,31.758728623390198
000244.jpg,images/surprise/000244.jpg,surprise,surprise,success,0.0008001070931966919,4.0116339310147317e-07,2.5065956014389843e-09,97.20482809572387,5.7091867972199145e-08,1.4172653527003867e-13,2.794373388253056
surprise_250extra_0043.jpg,images/surprise/surprise_250extra_0043.jpg,surprise,surprise,success,3.721621365845428e-13,8.599467875799016e-18,2.718850823326584e-14,100.0,1.1118733495582697e-25,1.1787500828153866e-22,2.4923139108068426e-06
surprise12.png,images/surprise/surprise12.png,surprise,surprise,success,0.005035842268652195,0.0005146002274385323,0.002461951008941852,91.68988416730667,1.2980095550467279e-08,1.8415009656455097e-11,8.302103477841824
000052.jpg,images/surprise/000052.jpg,surprise,surprise,success,4.3942195666673775e-12,1.4967595692838354e-18,8.13183816616124e-13,100.0,3.7915278221506083e-25,9.72017368017778e-22,9.064812900305697e-07
000046.jpg,images/surprise/000046.jpg,surprise,surprise,success,0.002550435601733625,0.03929097729269415,0.04771477833855897,97.83358573913574,4.95611995887657e-07,0.0001166913534689229,2.0767396315932274
000091.jpg,images/surprise/000091.jpg,surprise,surprise,success,0.004146731225773692,1.4307381945855013e-05,0.11686921352520585,97.39474058151245,1.272333020191363e-09,6.448224176835993e-07,2.484228275716305
000085.jpg,images/surprise/000085.jpg,surprise,neutral,success,0.01782069739419967,1.6553882509469986,11.71514317393303,1.1624732986092567,84.62470769882202,3.744251841908408e-05,0.8244290016591549
000084.jpg,images/surprise/000084.jpg,surprise,fear,success,0.042505937368031585,0.014408103874529385,0.09248572138053009,1.5049672651271382,0.0011574460366813432,1.7555054990214632e-05,98.3444630112924
000090.jpg,images/surprise/000090.jpg,surprise,surprise,success,2.610620320094416e-07,6.105501568645332,0.007016563595095715,81.96626198090684,0.3168149574437712,2.2382272571064935e-14,11.60440216090692
000047.jpg,images/surprise/000047.jpg,surprise,surprise,success,1.5543407159580706e-13,7.646891206026925e-18,4.3775512394027456e-14,100.0,1.139165293540068e-26,4.846874208787343e-22,9.107966825183667e-07
000053.jpg,images/surprise/000053.jpg,surprise,surprise,success,3.4295819430199865e-05,1.0733239617256004e-12,5.238287893703442e-07,99.88839625647046,1.5290116897049483e-15,5.982265176016363e-15,0.11156955234748438
surprise13.png,images/surprise/surprise13.png,surprise,surprise,success,0.001966235868167132,4.422051613772737e-09,5.344966247378125e-07,99.34004545211792,1.9577619893621466e-12,2.0075019993978065e-16,0.6579869892448187
surprise_250extra_0042.jpg,images/surprise/surprise_250extra_0042.jpg,surprise,surprise,success,1.9213375335169758e-07,6.480081228554813e-11,2.5568114292440214e-08,99.97249245643616,3.5762607182781376e-14,5.292689093231252e-16,0.027505928301252425
surprise_250extra_0056.jpg,images/surprise/surprise_250extra_0056.jpg,surprise,surprise,success,3.1445875820667246e-13,4.838314646852811e-16,2.5729974672817875e-13,99.99955892562866,1.3731521285807038e-18,4.760785975067568e-28,0.00044109706323069986
surprise_250extra_0009.jpeg,images/surprise/surprise_250extra_0009.jpeg,surprise,surprise,success,5.413596682046773e-05,1.3574033661412771e-11,3.482201860194323e-07,99.9115526676178,1.5956018084011957e-13,7.51342708760696e-16,0.08839077781885862
000133.jpg,images/surprise/000133.jpg,surprise,happy,success,63.53196880411916,0.001401607452731465,17.024592579876934,1.5678780320436246e-07,5.036514794549506e-05,7.681093552731133e-07,19.441990223049533
000123.jpg,images/surprise/000123.jpg,surprise,fear,success,0.036741087373477234,0.0025662123004089347,0.0032674102583168884,11.544214302991115,0.0001294094959467098,0.002390303676928048,88.41068882814778
000137.jpg,images/surprise/000137.jpg,surprise,fear,success,0.1336681772954762,0.014065190043766052,9.32982857193565e-05,12.284328043460846,0.00022744152374798432,5.835000538301216e-09,87.5676155090332
surprise_250extra_0052.jpg,images/surprise/surprise_250extra_0052.jpg,surprise,surprise,success,6.864268903233593e-05,0.00010692780141176555,0.004405454658415917,99.96802807235383,5.4861980635356395e-08,3.627011799847783e-09,0.027384954965417985
surprise_250extra_0046.jpg,images/surprise/surprise_250extra_0046.jpg,surprise,surprise,success,0.0027931561216022974,7.267210631240504e-13,1.2141417445127566e-05,94.63050429457375,4.018648606909868e-14,1.4720962477382404e-16,5.366684601702142
000241.jpg,images/surprise/000241.jpg,surprise,fear,success,0.0041796520235948265,3.725184853919927e-05,0.012236832117196172,28.645381331443787,1.562120210962803e-06,8.904661452646678e-08,71.33817076683044
000057.jpg,images/surprise/000057.jpg,surprise,failed,no_face_detected,,,,,,,
000043.jpg,images/surprise/000043.jpg,surprise,surprise,success,9.306943549169944e-08,4.179195323139595e-08,2.3667632298440822e-07,99.99480247497559,1.0150108835024763e-10,1.0617283094371821e-09,0.00519510758749675
surprise17.png,images/surprise/surprise17.png,surprise,surprise,success,5.170564159956316e-06,8.225395680411047e-14,1.7285517621680933e-07,99.89777804639601,7.597183206644033e-22,1.0329173320110477e-19,0.10221095235738727
000094.jpg,images/surprise/000094.jpg,surprise,sad,success,5.825878091059167e-06,80.96764087677002,7.3866285383701324,3.739528438018169e-05,1.27059668302536,2.747009908432574e-06,10.375093668699265
000080.jpg,images/surprise/000080.jpg,surprise,surprise,success,2.118268582762539e-05,3.4515270416063393e-10,1.4105988555002114e-05,99.98206496238708,3.835157397397599e-15,1.5673682944450785e-13,0.017901543469633907
000081.jpg,images/surprise/000081.jpg,surprise,surprise,success,3.771983614342389e-07,1.0734394330445124e-11,3.7070749248080404e-09,99.99803304672241,5.960017776191443e-17,1.421324334811326e-12,0.0019717235772986896
000095.jpg,images/surprise/000095.jpg,surprise,surprise,success,0.7369921542704105,0.004780379822477698,2.418796718120575,89.16398882865906,1.0737554134720995e-05,1.0288030871663523e-06,7.675432413816452
surprise16.png,images/surprise/surprise16.png,surprise,surprise,success,7.347128677790488e-05,1.0207400547289315e-09,1.4910648714595892e-07,57.03563606314229,1.5029418787518646e-12,2.8672792818893537e-19,42.96428645082874
000042.jpg,images/surprise/000042.jpg,surprise,happy,success,89.8105489981829,0.00043654122893561356,0.0004423522186516402,0.22835333759824486,9.958696807467557,2.9604194155792456e-09,0.0015244416316014518
000056.jpg,images/surprise/000056.jpg,surprise,surprise,success,40.9418027470347,0.00011170899175165599,0.08236367321335694,58.70936409123372,1.0208121841061306e-05,6.027879559679495e-09,0.26634446429825254
surprise_250extra_0047.jpg,images/surprise/surprise_250extra_0047.jpg,surprise,surprise,success,10.27199998497963,1.815032905872968e-11,2.1619988785359645e-09,89.72792625427246,7.27366057162726e-05,5.432221098432176e-19,1.0960569341023074e-06
surprise_250extra_0053.jpg,images/surprise/surprise_250extra_0053.jpg,surprise,surprise,success,6.1337374290815205e-06,1.3332234516383323e-05,5.014900352762197e-05,96.79841995239258,1.6159296123419153e-08,5.069197713018919e-16,3.201510012149811
000136.jpg,images/surprise/000136.jpg,surprise,surprise,success,7.352598564713819e-10,1.146045586014347e-22,9.681163070643026e-12,99.99998807907104,1.8789221174755684e-22,3.6896935059691554e-25,1.2593343967637338e-05
000122.jpg,images/surprise/000122.jpg,surprise,surprise,success,5.7465967856696505e-06,6.7106879611837e-07,7.857112691384589e-05,99.99851584425663,4.446797709207344e-09,2.9611623253169482e-08,0.0014006744930107776
000134.jpg,images/surprise/000134.jpg,surprise,surprise,success,2.6006934453204344e-09,1.0231592873037452e-14,2.784473807082577e-06,99.99998807907104,2.031056298212499e-15,3.698308305984581e-15,7.7357341865536e-06
000120.jpg,images/surprise/000120.jpg,surprise,surprise,success,10.27199998497963,1.815032905872968e-11,2.1619988785359645e-09,89.72792625427246,7.27366057162726e-05,5.432221098432176e-19,1.0960569341023074e-06
000108.jpg,images/surprise/000108.jpg,surprise,surprise,success,0.18053456442430615,3.717981825190897e-09,0.00047305870793934446,99.70898032188416,5.559743000726515e-12,9.104320760564564e-18,0.11001788079738617
000242.jpg,images/surprise/000242.jpg,surprise,fear,success,0.002719681833696086,1.0648602888352343e-06,0.003302863478893414,6.293128430843353,1.6332068076413409e-10,1.612762284830538e-08,93.70085000991821
surprise_250extra_0045.jpg,images/surprise/surprise_250extra_0045.jpg,surprise,surprise,success,0.2419560682028532,1.6578752471668582e-13,7.052548107143453e-11,99.75784420967102,0.0001976933162950445,3.795560858121111e-23,1.0704370723146894e-06
surprise_250extra_0051.jpg,images/surprise/surprise_250extra_0051.jpg,surprise,neutral,success,0.0003140754950741181,1.2160877178802827,0.039245195199376914,0.3178245707586919,97.76288893665208,1.9114917146402676e-06,0.6636321684858598
000040.jpg,images/surprise/000040.jpg,surprise,surprise,success,0.0006512687832582742,6.406096486610835e-09,0.0004249639459885657,98.2601523399353,6.418497613421394e-13,3.3510069719078217e-09,1.7387734726071358
000054.jpg,images/surprise/000054.jpg,surprise,surprise,success,1.7980489618718153e-06,0.00010005923003067128,0.050096842309091415,99.94261265485136,4.7642689664956385e-09,4.307416322923634e-10,0.00718390570763505
surprise28.png,images/surprise/surprise28.png,surprise,fear,success,0.11178996317430673,4.304279658532155e-05,0.023990364494873195,1.19933358418946,2.613720254847755e-10,4.943597527142922e-08,98.66484379735776
000068.jpg,images/surprise/000068.jpg,surprise,surprise,success,0.18053456442430615,3.717981825190897e-09,0.00047305870793934446,99.70898032188416,5.559743000726515e-12,9.104320760564564e-18,0.11001788079738617
surprise14.png,images/surprise/surprise14.png,surprise,fear,success,0.6559156030815121,0.07935867397309256,3.0627841204066133,16.908359002070547,5.252813557436386e-07,1.064931016318996e-07,79.29358133154138
000083.jpg,images/surprise/000083.jpg,surprise,happy,success,71.25633358955383,9.386246802023379e-05,0.00010155700920222444,28.733327984809875,1.637909434748508e-05,3.4210019613265885e-15,0.010128261055797338
000097.jpg,images/surprise/000097.jpg,surprise,neutral,success,0.0018310407540411688,0.43459441512823105,13.716483116149902,0.013659153773915023,85.82673668861389,1.906398996998071e-09,0.006701266102027148
000082.jpg,images/surprise/000082.jpg,surprise,surprise,success,5.940752889621592e-08,3.8874098710027505e-11,3.9240186620881357e-10,99.99997615814209,7.037476875720992e-17,2.8703077920083905e-15,2.2567952839835925e-05
000069.jpg,images/surprise/000069.jpg,surprise,fear,success,0.036741087373477234,0.0025662123004089347,0.0032674102583168884,11.544214302991115,0.0001294094959467098,0.002390303676928048,88.41068882814778
surprise15.png,images/surprise/surprise15.png,surprise,surprise,success,0.0010916801329585724,0.0002873889343391056,1.0328742305887317e-07,91.9934630393982,4.775798867484582e-07,6.511662411536057e-11,8.005158603191376
000055.jpg,images/surprise/000055.jpg,surprise,happy,success,99.99796152114868,0.00164626235346077,0.00013979130244479165,2.0554971692077258e-15,1.315281217273423e-09,3.418060626203534e-09,0.00025567778720869683
surprise29.png,images/surprise/surprise29.png,surprise,surprise,success,1.2954862844148822e-06,4.612959916909123e-13,5.133224214124295e-05,99.97979402421677,3.0631633146065425e-16,8.907420332674984e-08,0.020155621787961382
000041.jpg,images/surprise/000041.jpg,surprise,surprise,success,0.00012108089322282467,2.0145033288943492e-13,1.295525731137559e-06,99.96662139892578,5.499844897116582e-16,9.560944362727325e-17,0.03326108562760055
surprise_250extra_0050.jpg,images/surprise/surprise_250extra_0050.jpg,surprise,surprise,success,0.00296420804395468,1.2983026299549134e-09,2.3351772840543552e-06,99.52114230142328,4.825642348189161e-11,1.67225459676852e-12,0.47588715244684787
000109.jpg,images/surprise/000109.jpg,surprise,surprise,success,1.9213375335169758e-07,6.480081228554813e-11,2.5568114292440214e-08,99.97249245643616,3.5762607182781376e-14,5.292689093231252e-16,0.027505928301252425
000121.jpg,images/surprise/000121.jpg,surprise,surprise,success,9.491499352666234e-06,4.151775525203795e-10,8.149787109100041e-06,99.82545374783598,2.7232072388206632e-09,2.226381994938149e-19,0.17452789346667488
000135.jpg,images/surprise/000135.jpg,surprise,surprise,success,0.04399480239953846,5.26101460573275e-11,0.001953986065927893,86.18720173835754,5.1123334217232155e-12,1.8665597288006618e-16,13.766852021217346
000138.jpg,images/surprise/000138.jpg,surprise,happy,success,79.29649825671305,0.0037368167294480567,0.01002483755381741,3.7784865515522092,0.0048005294180325075,3.941092687293815e-08,16.90645616689063
000110.jpg,images/surprise/000110.jpg,surprise,surprise,success,10.866093830335876,0.0012490713163803998,2.4379932209261392,62.46191114641295,4.559079306268406e-09,8.328939322329532e-09,24.232748242289038
000104.jpg,images/surprise/000104.jpg,surprise,surprise,success,5.200853835617096e-07,5.4594575389739717e-11,4.084949983062061e-09,98.46474519161852,8.797899335623349e-18,3.2728947387757824e-18,1.5352548083814865
fear__predicted_surprise__000038.jpg,images/surprise/fear__predicted_surprise__000038.jpg,surprise,surprise,success,2.159539436163982e-07,2.687218676744596e-09,1.0515119330811729e-08,99.97370839118958,2.4104681633228117e-15,9.463830463681456e-16,0.026293154223822057
surprise_250extra_0049.jpg,images/surprise/surprise_250extra_0049.jpg,surprise,surprise,success,2.7623724463410326e-05,4.508406148406863e-09,0.00026641375825420255,62.25566864013672,2.1351361095280595e-12,6.45093855178476e-13,37.74404227733612
surprise_250extra_0061.jpg,images/surprise/surprise_250extra_0061.jpg,surprise,surprise,success,3.8194457374629565e-05,8.821771293878555,0.3189117182046175,82.50688910484314,5.082970857620239,1.0879891432225008e-08,3.269416466355324
surprise_250extra_0075.jpg,images/surprise/surprise_250extra_0075.jpg,surprise,angry,success,0.8758728392422199,6.538825482130051,92.23479628562927,0.006284379196586087,0.004181750409770757,0.014523457502946258,0.32551297917962074
000058.jpg,images/surprise/000058.jpg,surprise,surprise,success,0.3576891729608178,0.009244365355698392,0.0011249436283833347,62.39572763442993,1.6601726660070426e-07,5.542700187710636e-08,37.23621070384979
surprise24.png,images/surprise/surprise24.png,surprise,fear,success,0.0009904258149617817,1.6263918380457487e-10,4.283111536551587e-05,16.124582290649414,2.692852756373213e-12,1.357460151230061e-11,83.87438654899597
surprise30.png,images/surprise/surprise30.png,surprise,surprise,success,1.9791423153163667e-09,4.194831659634867e-14,2.3084661237793152e-12,99.9992907046849,2.0670002757119155e-19,3.7727975549441305e-20,0.0007099079052973361
000064.jpg,images/surprise/000064.jpg,surprise,neutral,success,6.53663050798059e-05,9.79926660656929,2.4149809032678604,4.203940591196442e-05,48.10713231563568,8.361072190155028e-06,39.67849910259247
surprise18.png,images/surprise/surprise18.png,surprise,angry,success,5.51561019079827e-08,3.6341305076348362e-06,99.99934434890747,1.9511412574502174e-05,1.6974608567713045e-10,3.723622798990078e-08,0.0006323564321064623
000070.jpg,images/surprise/000070.jpg,surprise,surprise,success,36.12029850482941,0.04938956699334085,0.046835452667437494,55.79941272735596,4.433240368962288,5.098586370877456e-05,3.550776094198227
000071.jpg,images/surprise/000071.jpg,surprise,surprise,success,4.944255078068364e-05,3.885730163870116e-09,2.019977017260966e-06,80.9430528249176,9.2892033631455e-13,1.3458022904117541e-14,19.056898001247525
000065.jpg,images/surprise/000065.jpg,surprise,surprise,success,0.003819743506028317,1.5786515206173135e-06,0.02008337323786691,99.34163093566895,1.7295146976896436e-11,5.9942590442067095e-12,0.6344683468341827
surprise19.png,images/surprise/surprise19.png,surprise,surprise,success,4.544456200239466e-08,5.280335613200293e-08,1.0159621410821273e-05,99.95204210281372,9.62238745443305e-13,2.295951201443272e-13,0.04794884298462421
000059.jpg,images/surprise/000059.jpg,surprise,surprise,success,0.0012570299826445235,1.526876771655386e-08,0.08322548733691795,99.12685746710643,1.9336425281087286e-08,4.56963516507527e-07,0.7886592768823669
surprise25.png,images/surprise/surprise25.png,surprise,surprise,success,0.16361577436327934,3.1081859308557114e-07,0.016158749349415302,78.07753086090088,1.0345961934388193e-09,0.00011620243185461732,21.742574870586395
surprise_250extra_0074.jpg,images/surprise/surprise_250extra_0074.jpg,surprise,fear,success,0.036741087373477234,0.0025662123004089347,0.0032674102583168884,11.544214302991115,0.0001294094959467098,0.002390303676928048,88.41068882814778
surprise_250extra_0060.jpg,images/surprise/surprise_250extra_0060.jpg,surprise,surprise,success,1.0813000206909039e-05,1.8800027100994453e-07,0.00033652888492247894,99.30080767278717,5.536006878983486e-10,1.3236787672573776e-10,0.6988456423637653
surprise_250extra_0048.jpg,images/surprise/surprise_250extra_0048.jpg,surprise,surprise,success,0.4066836088895798,1.0685308836400509,0.8018243126571178,70.28364539146423,1.3182029128074646,0.00018103575030181673,26.12093985080719
000105.jpg,images/surprise/000105.jpg,surprise,surprise,success,0.0002808822895603059,8.009135730267998e-15,2.364636805197131e-06,99.77008102953917,6.421667755879959e-22,1.1934709827428257e-15,0.22963861906609648
000111.jpg,images/surprise/000111.jpg,surprise,fear,success,1.2352553001198352,5.242454338918595e-07,0.031564080990013836,30.678738992139042,4.281206449857518e-11,2.3020033086272447e-08,68.05444169368992
000139.jpg,images/surprise/000139.jpg,surprise,fear,success,0.010135365904926712,0.6288140921332891,0.012542127680681806,44.09266675070922,4.0493219015628347e-05,7.226337737044122e-08,55.25580377911352
000107.jpg,images/surprise/000107.jpg,surprise,surprise,success,0.015467460083232677,0.030675235402970635,2.187543120237775,71.27525039167705,0.0007202849676146758,0.0045385214411331086,26.48580530201228
surprise_250extra_0076.jpg,images/surprise/surprise_250extra_0076.jpg,surprise,surprise,success,9.026753389207443e-06,1.8129308054781745e-07,9.738387873881038e-08,99.8766303062439,1.8725110437906034e-10,3.622541380906251e-13,0.12336033396422863
surprise_250extra_0062.jpg,images/surprise/surprise_250extra_0062.jpg,surprise,surprise,success,0.013485431554727256,0.00026910392989520915,0.0012000546121271327,99.65246319770813,1.693438811400938e-06,2.0255323026491245e-10,0.33258218318223953
surprise27.png,images/surprise/surprise27.png,surprise,surprise,success,2.5168063578995397e-08,5.671689012328157e-08,5.264363481392434e-06,99.99192357015154,2.0714582272571328e-11,9.64526808330706e-13,0.00807190856812722
000073.jpg,images/surprise/000073.jpg,surprise,surprise,success,1.348874760801963e-11,1.5786436602382992e-07,2.7843516381409472e-08,99.99990463256836,1.3824092695222112e-11,2.27378492550002e-18,9.637387847760692e-05
000067.jpg,images/surprise/000067.jpg,surprise,angry,success,2.2724404269441143e-05,9.171097260217775e-05,97.33365742369382,2.603957181150577,5.276504307439129e-08,1.0938261024148005e-05,0.06226178535214488
000098.jpg,images/surprise/000098.jpg,surprise,surprise,success,3.192226406468535,5.536358812764376e-07,5.520794373209838e-07,96.78031782986628,2.2347270966793757e-05,3.281386510309927e-14,0.027429075451065627
000099.jpg,images/surprise/000099.jpg,surprise,surprise,success,0.04955438189864076,0.0007382665473723383,0.015719054080975313,94.59000890374078,0.015089887549164141,0.003766572541560712,5.325119680151977
surprise26.png,images/surprise/surprise26.png,surprise,fear,success,0.09257345749009639,0.0487139099141401,0.26221054937965266,23.943734043089634,1.4501168573767398e-05,1.7812586597511974e-05,75.65273352297945
surprise_250extra_0063.jpg,images/surprise/surprise_250extra_0063.jpg,surprise,surprise,success,1.9213375335169758e-07,6.480081228554813e-11,2.5568114292440214e-08,99.97249245643616,3.5762607182781376e-14,5.292689093231252e-16,0.027505928301252425
000112.jpg,images/surprise/000112.jpg,surprise,surprise,success,2.5462551042437553,1.478952071920503e-06,0.0003895171630574623,78.68362665176392,1.0384427421693959e-11,1.1125456948456462e-13,18.769724667072296
000106.jpg,images/surprise/000106.jpg,surprise,surprise,success,5.306379762259894e-05,2.521747914652206e-09,2.1335678113132417e-06,68.24121475219727,3.6239837086088356e-12,4.960477354939465e-13,31.758728623390198
000116.jpg,images/surprise/000116.jpg,surprise,failed,no_face_detected,,,,,,,
surprise_250extra_0073.jpg,images/surprise/surprise_250extra_0073.jpg,surprise,surprise,success,5.7465967856696505e-06,6.7106879611837e-07,7.857112691384589e-05,99.99851584425663,4.446797709207344e-09,2.9611623253169482e-08,0.0014006744930107776
surprise_250extra_0067.jpg,images/surprise/surprise_250extra_0067.jpg,surprise,surprise,success,4.829651609195018e-09,0.2147661056369543,0.0037175552279222757,82.24037885665894,4.6123162178446364e-05,1.9158882813563594e-09,17.541086673736572
000062.jpg,images/surprise/000062.jpg,surprise,fear,success,4.1677479943928715,6.500246405630875,0.6945703540975278,3.857532808958987e-10,3.722559700166444e-05,0.019568950815429635,88.61783011172177
surprise22.png,images/surprise/surprise22.png,surprise,surprise,success,9.881941309686226e-06,8.5527268822716e-06,0.00020359407244541217,98.77209067344666,8.71757974509925e-12,3.015747807727509e-10,1.2276866473257542
000088.jpg,images/surprise/000088.jpg,surprise,surprise,success,2.2206756966625107e-05,1.508647926584672e-05,0.00011476154213596601,86.2188458442688,4.6257300212459995e-07,9.659795547854709e-17,13.781003654003143
surprise23.png,images/surprise/surprise23.png,surprise,surprise,success,3.9588745476271114e-09,2.7204052134880904e-12,1.231754108432792e-09,99.99926090240479,3.8921095104908136e-14,3.335381455456865e-19,0.0007376960184046766
000063.jpg,images/surprise/000063.jpg,surprise,surprise,success,0.00016276636642942321,2.1888721946083933e-06,1.050838641822338,98.9293098449707,1.6976672512214463e-06,0.0004872178124060156,0.01919860515045002
surprise_250extra_0066.jpg,images/surprise/surprise_250extra_0066.jpg,surprise,surprise,success,6.078174630275157e-08,6.859891886305813e-11,7.934974725898325e-10,99.70641732215881,1.5581935379628854e-15,2.6055787418120816e-19,0.2935813972726464
surprise_250extra_0072.jpg,images/surprise/surprise_250extra_0072.jpg,surprise,surprise,success,10.27199998497963,1.815032905872968e-11,2.1619988785359645e-09,89.72792625427246,7.27366057162726e-05,5.432221098432176e-19,1.0960569341023074e-06
000117.jpg,images/surprise/000117.jpg,surprise,surprise,success,6.380930923278983,0.00021001245728564428,0.06219224676518123,92.77163104841894,0.0029280157758789227,4.159469905517899e-07,0.782106583989059
000103.jpg,images/surprise/000103.jpg,surprise,surprise,success,2.1401494434329735e-13,1.0092462086622768e-15,1.113802532920694e-14,99.99922513961792,2.3712262664955284e-20,6.084865162822494e-29,0.0007799166269251145
000115.jpg,images/surprise/000115.jpg,surprise,surprise,success,6.078174630275157e-08,6.859891886305813e-11,7.934974725898325e-10,99.70641732215881,1.5581935379628854e-15,2.6055787418120816e-19,0.2935813972726464
000101.jpg,images/surprise/000101.jpg,surprise,surprise,success,6.1337374290815205e-06,1.3332234516383323e-05,5.014900352762197e-05,96.79841995239258,1.6159296123419153e-08,5.069197713018919e-16,3.201510012149811
000129.jpg,images/surprise/000129.jpg,surprise,surprise,success,0.00033894625630637165,2.1507083614036304e-08,5.137133740618083e-06,99.07069206237793,7.431053927579867e-11,1.7468050660454648e-10,0.9289612993597984
surprise_250extra_0064.jpg,images/surprise/surprise_250extra_0064.jpg,surprise,surprise,success,10.866093830335876,0.0012490713163803998,2.4379932209261392,62.46191114641295,4.559079306268406e-09,8.328939322329532e-09,24.232748242289038
surprise_250extra_0070.jpg,images/surprise/surprise_250extra_0070.jpg,surprise,surprise,success,0.00015669536423956743,3.6635381395200284e-07,0.00016281111356875044,97.87043333053589,6.298004109339672e-05,1.8054949421923878e-12,2.129190042614937
surprise_250extra_0058.jpg,images/surprise/surprise_250extra_0058.jpg,surprise,surprise,success,0.015467460083232677,0.030675235402970635,2.187543120237775,71.27525039167705,0.0007202849676146758,0.0045385214411331086,26.48580530201228
000061.jpg,images/surprise/000061.jpg,surprise,surprise,success,0.012367343879304826,0.38721279706805944,1.6102951020002365,75.85175037384033,0.025095121236518025,0.00010115787745235139,22.113177180290222
surprise21.png,images/surprise/surprise21.png,surprise,surprise,success,1.219300216348529e-06,3.454088959298218e-08,9.413327894947088e-07,99.99512434005737,1.4383142222525153e-15,4.6954593804684336e-12,0.004875315789831802
000049.jpg,images/surprise/000049.jpg,surprise,surprise,success,27.130584545766386,0.002598706460329437,0.010068710125654422,72.85063700977784,0.0010915996167924027,1.3165030614872508e-09,0.005022526901626701
000048.jpg,images/surprise/000048.jpg,surprise,surprise,success,0.0054148560183130065,1.8112289415390818e-07,0.0002755368932935979,94.20748318478365,1.9744334942187076e-13,1.343147007070895e-07,5.78682680647533
surprise20.png,images/surprise/surprise20.png,surprise,surprise,success,0.00014426556716973536,3.284015168005313e-08,3.4144853981703773e-07,99.69569448283977,2.5507121583577457e-10,5.514351165026912e-09,0.30415590020645855
000074.jpg,images/surprise/000074.jpg,surprise,surprise,success,0.004173346678726375,3.753340416245976e-08,0.0005405851879913826,99.5775043964386,1.0288046083724734e-12,7.232186516326067e-08,0.41778446175158024
000060.jpg,images/surprise/000060.jpg,surprise,fear,success,34.52129065990448,0.0015559362509520724,0.9206181392073631,0.022235201322473586,0.0019297571270726621,2.0371140330155413e-07,64.53237533569336
surprise_250extra_0059.jpg,images/surprise/surprise_250extra_0059.jpg,surprise,surprise,success,0.18053456442430615,3.717981825190897e-09,0.00047305870793934446,99.70898032188416,5.559743000726515e-12,9.104320760564564e-18,0.11001788079738617
surprise_250extra_0071.jpg,images/surprise/surprise_250extra_0071.jpg,surprise,surprise,success,0.004173346678726375,3.753340416245976e-08,0.0005405851879913826,99.5775043964386,1.0288046083724734e-12,7.232186516326067e-08,0.41778446175158024
surprise_250extra_0065.jpg,images/surprise/surprise_250extra_0065.jpg,surprise,surprise,success,2.5462551042437553,1.478952071920503e-06,0.0003895171630574623,78.68362665176392,1.0384427421693959e-11,1.1125456948456462e-13,18.769724667072296
000128.jpg,images/surprise/000128.jpg,surprise,surprise,success,0.18053456442430615,3.717981825190897e-09,0.00047305870793934446,99.70898032188416,5.559743000726515e-12,9.104320760564564e-18,0.11001788079738617
000100.jpg,images/surprise/000100.jpg,surprise,surprise,success,0.4066836088895798,1.0685308836400509,0.8018243126571178,70.28364539146423,1.3182029128074646,0.00018103575030181673,26.12093985080719
000173.jpg,images/surprise/000173.jpg,surprise,surprise,success,21.37976437807083,0.012377279927022755,0.007417948654619977,73.52358102798462,4.6600279191011396e-07,9.96062454738933e-08,5.076858401298523
000198.jpg,images/surprise/000198.jpg,surprise,surprise,success,0.00012108089322282467,2.0145033288943492e-13,1.295525731137559e-06,99.96662139892578,5.499844897116582e-16,9.560944362727325e-17,0.03326108562760055
000024.jpeg,images/surprise/000024.jpeg,surprise,surprise,success,6.202655576659222e-12,1.222199059716501e-14,3.453792766648818e-12,99.99991655349731,4.646130295066808e-17,1.3954534028789293e-23,8.752017492952291e-05
000205.jpg,images/surprise/000205.jpg,surprise,surprise,success,2.610620320094416e-07,6.105501568645332,0.007016563595095715,81.96626198090684,0.3168149574437712,2.2382272571064935e-14,11.60440216090692
surprise_250extra_0002.jpg,images/surprise/surprise_250extra_0002.jpg,surprise,surprise,success,0.001932624218170531,2.886104096206846e-14,6.831084142788768e-07,99.82869029045105,1.2071629199122297e-20,5.213012575088307e-16,0.16937865875661373
surprise_250extra_0016.jpg,images/surprise/surprise_250extra_0016.jpg,surprise,surprise,success,10.27199998497963,1.815032905872968e-11,2.1619988785359645e-09,89.72792625427246,7.27366057162726e-05,5.432221098432176e-19,1.0960569341023074e-06
000211.jpg,images/surprise/000211.jpg,surprise,surprise,success,0.000330894792282853,2.119744610454746e-10,4.043526588099123e-08,99.97034072699194,2.90324795140854e-15,5.0119961976524453e-17,0.029326057412538374
surprise_250extra_0017.jpg,images/surprise/surprise_250extra_0017.jpg,surprise,surprise,success,0.0006512687832582742,6.406096486610835e-09,0.0004249639459885657,98.2601523399353,6.418497613421394e-13,3.3510069719078217e-09,1.7387734726071358
000210.jpg,images/surprise/000210.jpg,surprise,happy,success,99.86564516220362,0.0004676268696552093,4.3230865910336914e-07,0.0009872037159742674,1.5449150436075364e-06,2.249339747701675e-13,0.13290297566521023
000238.jpg,images/surprise/000238.jpg,surprise,happy,success,58.641546964645386,2.079534588972365e-06,0.0009199562555295415,39.856934547424316,1.1141002009829037e-08,2.4892490751494446e-12,1.50059899315238
fear__predicted_surprise__fear_250extra_0035.jpg,images/surprise/fear__predicted_surprise__fear_250extra_0035.jpg,surprise,surprise,success,0.030604330822825432,3.278033677833747e-08,0.0016495861927978694,92.44860410690308,1.3109707763803158e-09,1.3332317648024e-13,7.51914381980896
000166.jpg,images/surprise/000166.jpg,surprise,failed,no_face_detected,,,,,,,
000172.jpg,images/surprise/000172.jpg,surprise,surprise,success,3.134024382234202e-05,7.623824904712251e-08,2.6652850593222865e-06,98.69168996810913,2.648718050446419e-10,3.267721312180498e-12,1.3082750141620636
000158.jpg,images/surprise/000158.jpg,surprise,surprise,success,1.5543407159580706e-13,7.646891206026925e-18,4.3775512394027456e-14,100.0,1.139165293540068e-26,4.846874208787343e-22,9.107966825183667e-07
000164.jpg,images/surprise/000164.jpg,surprise,surprise,success,7.690461600873277e-07,8.427293862744989e-08,2.7614712294621313e-06,99.9972939491272,8.559816050413005e-10,6.873329087014438e-16,0.002708130887185689
000170.jpg,images/surprise/000170.jpg,surprise,surprise,success,0.001932624218170531,2.886104096206846e-14,6.831084142788768e-07,99.82869029045105,1.2071629199122297e-20,5.213012575088307e-16,0.16937865875661373
surprise_250extra_0029.jpg,images/surprise/surprise_250extra_0029.jpg,surprise,surprise,success,2.2194926430074702e-05,2.1992137888560137e-06,2.5715277729432273e-05,97.79675006866455,2.7613587860741973e-06,2.5224837330029004e-06,2.2032001987099648
surprise_250extra_0015.jpg,images/surprise/surprise_250extra_0015.jpg,surprise,surprise,success,0.00939915917115286,1.0263018879186347e-06,1.7769290134310722,98.07062149047852,1.997180060220316e-08,0.005026163853472099,0.1380246365442872
surprise_250extra_0001.jpg,images/surprise/surprise_250extra_0001.jpg,surprise,happy,success,86.98090314865112,11.41754537820816,4.619348032974813e-05,0.00012943402225573664,1.0813221335411072,8.803185502608002e-11,0.5200567655265331
000206.jpg,images/surprise/000206.jpg,surprise,surprise,success,0.009732959733810276,1.4088706952614658e-14,5.10280955268172e-06,99.98210072517395,2.6542450003449083e-17,5.102564421170506e-18,0.008159055141732097
000038.jpg,images/surprise/000038.jpg,surprise,surprise,success,0.8921637199819088,3.528845510074319e-11,2.9016353209065926e-08,99.08965229988098,2.0510818737884406e-09,7.517672265752287e-20,0.018183430074714124
000039.jpg,images/surprise/000039.jpg,surprise,surprise,success,0.04150332781133519,0.003335335912729146,0.148589440630492,86.4334515591533,0.0019968597651915856,2.063091651695481e-05,13.371106289095062
000207.jpg,images/surprise/000207.jpg,surprise,happy,success,71.25633358955383,9.386246802023379e-05,0.00010155700920222444,28.733327984809875,1.637909434748508e-05,3.4210019613265885e-15,0.010128261055797338
000213.jpg,images/surprise/000213.jpg,surprise,surprise,success,0.00296420804395468,1.2983026299549134e-09,2.3351772840543552e-06,99.52114230142328,4.825642348189161e-11,1.67225459676852e-12,0.47588715244684787
surprise_250extra_0014.jpg,images/surprise/surprise_250extra_0014.jpg,surprise,surprise,success,1.0030802577443154e-09,3.019025862638358e-08,1.7918353467649695e-07,99.99873638153076,5.832232229308803e-13,1.3529538152484732e-14,0.0012673112905758899
surprise_250extra_0028.jpg,images/surprise/surprise_250extra_0028.jpg,surprise,surprise,success,0.001932624218170531,2.886104096206846e-14,6.831084142788768e-07,99.82869029045105,1.2071629199122297e-20,5.213012575088307e-16,0.16937865875661373
000171.jpg,images/surprise/000171.jpg,surprise,surprise,success,1.348874760801963e-11,1.5786436602382992e-07,2.7843516381409472e-08,99.99990463256836,1.3824092695222112e-11,2.27378492550002e-18,9.637387847760692e-05
000165.jpg,images/surprise/000165.jpg,surprise,sad,success,0.0024918304582612115,47.23219258977131,1.0250008344650765,9.24780572937761,0.17145007008016527,6.355315586235486e-06,42.32105268961505
000159.jpg,images/surprise/000159.jpg,surprise,surprise,success,0.09016107606730318,4.3258679929750406e-05,0.0050084897595628584,56.289849060168805,2.1287062271602657e-08,7.806257494963618e-09,43.614935494359464
000161.jpg,images/surprise/000161.jpg,surprise,surprise,success,4.135580373740045e-05,3.5313026787002425e-05,0.13270325352717957,99.66536758335636,8.13221822836845e-06,3.339053677180547e-06,0.20184546049508217
000175.jpg,images/surprise/000175.jpg,surprise,surprise,success,0.023171950306277722,2.2184179135614074e-12,2.8541315089114505e-06,87.61729001998901,5.815681205519454e-13,7.630418679609755e-18,12.359535694122314
000149.jpg,images/surprise/000149.jpg,surprise,surprise,success,1.644610003737057e-08,3.852356401391597e-14,1.9570199627505502e-08,99.99992847442627,6.521380114549253e-15,1.0800187065375175e-16,7.304946052499872e-05
surprise_250extra_0010.jpg,images/surprise/surprise_250extra_0010.jpg,surprise,fear,success,1.287271267358392e-06,2.098486662216459e-09,0.0002804356427077437,16.65259152650833,1.4680290538965704e-12,1.061113324892773e-12,83.34712982177734
000217.jpg,images/surprise/000217.jpg,surprise,happy,success,87.97261118888855,8.098392356714612e-06,6.26827978411626e-08,12.01457753777504,0.012802891433238983,4.650511974169078e-15,1.6611743092198594e-06
000203.jpg,images/surprise/000203.jpg,surprise,surprise,success,0.18053456442430615,3.717981825190897e-09,0.00047305870793934446,99.70898032188416,5.559743000726515e-12,9.104320760564564e-18,0.11001788079738617
surprise_250extra_0004.jpg,images/surprise/surprise_250extra_0004.jpg,surprise,surprise,success,5.200853835617096e-07,5.4594575389739717e-11,4.084949983062061e-09,98.46474519161852,8.797899335623349e-18,3.2728947387757824e-18,1.5352548083814865
surprise_250extra_0038.jpg,images/surprise/surprise_250extra_0038.jpg,surprise,surprise,success,4.915683745471133e-10,2.05299147369618e-14,1.40780950062141e-12,99.99991655349731,8.346591653958167e-18,1.318761578268507e-23,8.688050456839846e-05
000029.jpg,images/surprise/000029.jpg,surprise,angry,success,0.35549022513569745,0.0128232124919869,94.30434669878166,3.2814035285355763,0.05496180129009791,9.443950824714886e-05,1.9908820534278187
000028.jpg,images/surprise/000028.jpg,surprise,surprise,success,1.1091834778973848e-07,1.4731252829667379e-05,9.739596021785623e-06,99.98384117983825,5.621735412536102e-07,4.946579533180032e-13,0.016136824940570442
surprise_250extra_0039.jpg,images/surprise/surprise_250extra_0039.jpg,surprise,surprise,success,0.3411324432422187,0.4629632734038397,3.8038855823210227,63.622198320758244,1.4686013515950054,5.531124332935874e-07,30.301221031023324
000202.jpg,images/surprise/000202.jpg,surprise,fear,success,0.0001415852411283952,0.03259435664203237,0.18824908268090096,1.6955930580981902,0.00015712434279102866,4.198642355095716e-06,98.08325790366436
surprise_250extra_0005.jpg,images/surprise/surprise_250extra_0005.jpg,surprise,surprise,success,0.00016280592778425605,1.910114467051713e-12,7.603254479567464e-07,97.53133043833556,6.763007377849127e-17,4.889442392921762e-15,2.468508815378476
surprise_250extra_0011.jpg,images/surprise/surprise_250extra_0011.jpg,surprise,surprise,success,40.9418027470347,0.00011170899175165599,0.08236367321335694,58.70936409123372,1.0208121841061306e-05,6.027879559679495e-09,0.26634446429825254
000174.jpg,images/surprise/000174.jpg,surprise,surprise,success,4.095174688245606e-06,1.2538237050170598e-11,0.0002179852572226082,99.99204874038696,6.025913982317138e-16,2.345810948850449e-13,0.007734017708571628
000160.jpg,images/surprise/000160.jpg,surprise,happy,success,99.99684095345032,2.281832460493288e-09,7.072270002272074e-09,0.0023083320252750995,0.0008539916161083867,7.133371533727498e-16,4.0273223588576605e-09
000176.jpg,images/surprise/000176.jpg,surprise,surprise,success,0.001075487398338737,2.7437587846179667e-05,0.00270957789325621,98.90546798706055,5.995037799522152e-08,3.583002978757577e-05,1.0906881652772427
000189.jpg,images/surprise/000189.jpg,surprise,fear,success,0.02061803243122995,5.949249839432014e-05,0.030855814111419022,0.047723198076710105,5.3350573958610426e-08,0.00028225458663655445,99.90046620368958
surprise_250extra_0007.jpg,images/surprise/surprise_250extra_0007.jpg,surprise,surprise,success,0.009732959733810276,1.4088706952614658e-14,5.10280955268172e-06,99.98210072517395,2.6542450003449083e-17,5.102564421170506e-18,0.008159055141732097
000200.jpg,images/surprise/000200.jpg,surprise,happy,success,99.98594522476196,5.280296644372129e-07,8.579893240323599e-07,3.391807297248306e-05,0.013982850941829383,4.433115541324639e-08,3.3887295103340875e-05
surprise_250extra_0013.jpg,images/surprise/surprise_250extra_0013.jpg,surprise,fear,success,0.001508088006479789,0.004389537832751331,0.00749306317726713,47.91286873298101,2.0066573599781776e-06,9.743918253504877e-07,52.0737440630045
000229.jpg,images/surprise/000229.jpg,surprise,happy,success,49.15533954831002,5.35885678909657e-05,0.002212462591156462,41.98588979160129,2.5587414200176606e-13,5.451319912176065e-16,8.856506428510334
000033.jpeg,images/surprise/000033.jpeg,surprise,surprise,success,5.413596682046773e-05,1.3574033661412771e-11,3.482201860194323e-07,99.9115526676178,1.5956018084011957e-13,7.51342708760696e-16,0.08839077781885862
surprise_250extra_0012.jpg,images/surprise/surprise_250extra_0012.jpg,surprise,surprise,success,0.00015603390011165175,5.1278581381097865e-08,5.431058980320813e-05,99.92068409919739,9.904992624709674e-10,7.92775046998262e-10,0.07910921704024076
surprise_250extra_0006.jpg,images/surprise/surprise_250extra_0006.jpg,surprise,surprise,success,1.0390361904200063e-07,4.174082954278013e-09,0.00046827321966702584,99.99947547912598,4.075218446050288e-14,1.7372447224838687e-16,6.152679361548508e-05
000201.jpg,images/surprise/000201.jpg,surprise,surprise,success,0.01598581875441596,0.24134770501405,5.503248423337936,74.0605354309082,0.035118209780193865,0.0014319793990580365,20.14233022928238
000188.jpg,images/surprise/000188.jpg,surprise,surprise,success,0.011939623072976246,0.0007583088972751284,0.022721363347955048,82.0342481136322,5.239698452896846e-06,2.1932959270998253e-05,17.930302023887634
000177.jpg,images/surprise/000177.jpg,surprise,surprise,success,1.0390361904200063e-07,4.174082954278013e-09,0.00046827321966702584,99.99947547912598,4.075218446050288e-14,1.7372447224838687e-16,6.152679361548508e-05
000146.jpg,images/neutral/000146.jpg,neutral,neutral,success,0.7919848896563053,0.5100707523524761,0.1774038071744144,0.0016999558283714578,97.38320708274841,8.819969821161067e-06,1.1356252245604992
000185.jpg,images/neutral/000185.jpg,neutral,neutral,success,27.565202116966248,5.880118906497955,1.7098244279623032,0.8373212069272995,62.311869859695435,0.0009387805221194867,1.6947340220212936
neutral_250extra_0107.jpg,images/neutral/neutral_250extra_0107.jpg,neutral,fear,success,0.038506483542732894,11.239101737737656,0.30368028674274683,0.03932683612219989,22.52403199672699,0.00977296513156034,65.84558486938477
neutral12.png,images/neutral/neutral12.png,neutral,neutral,success,0.013065637227800473,1.0636378713630361,0.06705919331106205,0.0009182444593334993,98.26053966644643,4.1924304750911e-06,0.5947770905361826
neutral_250extra_0098.jpg,images/neutral/neutral_250extra_0098.jpg,neutral,neutral,success,0.011828004062408581,1.6011862084269524,0.3138092812150717,0.008057348168222234,97.98254370689392,7.490966874579286e-09,0.08258037269115448
000026.jpg,images/neutral/000026.jpg,neutral,neutral,success,0.7379007060080767,1.0244888253509998,0.23323006462305784,0.005451892866403796,97.44592308998108,9.672192646803524e-06,0.5529979709535837
000032.jpg,images/neutral/000032.jpg,neutral,sad,success,0.1539808207701636,57.35102041667822,6.917505378574454,0.10363057407770003,28.261061207119297,0.00799627061864484,7.20480574398075
neutral_250extra_0067.jpg,images/neutral/neutral_250extra_0067.jpg,neutral,neutral,success,1.323212991122843,2.6304247447341984,1.1027373921588193,0.000264483096847172,94.8771959689622,5.781126443400758e-07,0.06615909890424027
neutral_250extra_0073.jpg,images/neutral/neutral_250extra_0073.jpg,neutral,neutral,success,0.13516927137970924,0.3857220523059368,0.006815486267441884,0.0010879068213398568,96.70385718345642,1.7893878379027228e-06,2.7673477306962013
neutral_250extra_0072.jpg,images/neutral/neutral_250extra_0072.jpg,neutral,neutral,success,0.0817576888948679,11.605487018823624,5.551087111234665,0.007376966823358089,55.29584288597107,0.00011288044561297284,27.458342909812927
neutral_250extra_0066.jpg,images/neutral/neutral_250extra_0066.jpg,neutral,neutral,success,1.1918485087747399e-07,0.008588925265939906,1.6488043286244647e-05,0.00031086603939911583,99.98775720596313,3.3107305138671444e-15,0.0033278698538197204
000033.jpg,images/neutral/000033.jpg,neutral,neutral,success,0.008305280789500102,0.6133629474788904,0.06977702141739428,1.1124513576987738e-05,99.29982423782349,1.2884344632868583e-09,0.008722156781004742
000027.jpg,images/neutral/000027.jpg,neutral,neutral,success,1.0701249060109201,7.296629684962611,5.197752576932465,0.5605280733423277,49.1277962403176,0.012438977878628842,36.73473219482494
neutral_250extra_0099.jpg,images/neutral/neutral_250extra_0099.jpg,neutral,sad,success,1.0387191906602311e-05,73.82329106330872,9.969031065702438,0.0020073095583938994,1.8461696803569794,0.0017820379071054049,14.357706904411316
000225.jpg,images/neutral/000225.jpg,neutral,neutral,success,0.6176525261253119,0.6455398164689541,0.06487673381343484,0.001027818871079944,98.5444724559784,8.347677216136162e-07,0.12643125373870134
000219.jpg,images/neutral/000219.jpg,neutral,neutral,success,0.06331578274463312,2.5302329677482227,0.1354830769551144,0.004241810054728615,96.09888768785522,1.567235110733527e-05,1.1678230713500424
neutral13.png,images/neutral/neutral13.png,neutral,neutral,success,0.0851813587360084,11.4157035946846,8.04436281323433,0.000758396436140174,77.39105224609375,2.8613555969059234e-05,3.0629143118858337
neutral_250extra_0106.jpg,images/neutral/neutral_250extra_0106.jpg,neutral,neutral,success,0.8074830286204815,1.2392179109156132,0.3261124948039651,9.623048526918865e-05,97.61707186698914,4.010222431904964e-08,0.0100175486295484
000153.jpg,images/neutral/000153.jpg,neutral,neutral,success,0.047116371570155025,1.0507005266845226,0.5096484906971455,0.012932103709317744,98.28417301177979,1.0864879662619842e-06,0.09542722254991531
000179.jpg,images/neutral/000179.jpg,neutral,neutral,success,0.06349821342155337,5.1250360906124115,0.9822273626923561,0.0004235507731209509,93.63951683044434,1.3971616918961871e-08,0.18930400256067514
000145.jpg,images/neutral/000145.jpg,neutral,neutral,success,0.43385771826551667,9.593371128640838,0.8295542123648055,0.0013274563452761678,89.1029828252186,8.302874261186996e-06,0.038898243791877854
neutral_250extra_0104.jpg,images/neutral/neutral_250extra_0104.jpg,neutral,neutral,success,0.001352427170786541,3.6420654505491257,0.9711624123156071,0.0018229886336484924,90.66766500473022,9.526058164510687e-07,4.7159310430288315
000186.jpg,images/neutral/000186.jpg,neutral,neutral,success,0.795470132408746,0.4978665447453585,0.03474829925586577,0.027956238984315932,98.64110938555655,6.299217634383094e-08,0.002851188025356767
000192.jpg,images/neutral/000192.jpg,neutral,fear,success,3.962446607199946e-07,32.79012637079515,0.0006129224313267373,0.00018975701999435484,25.928254480853944,2.57216615780722e-10,41.280814485598476
neutral11.png,images/neutral/neutral11.png,neutral,neutral,success,0.06602604989893734,3.646289184689522,0.9419063106179237,0.000260280671682267,85.7653558254242,1.6700758465049148e-05,9.58014726638794
000031.jpg,images/neutral/000031.jpg,neutral,neutral,success,0.42984355241060257,8.665941655635834,3.4725360572338104,0.010491051216376945,81.3783347606659,0.00323218155244831,6.039625033736229
000025.jpg,images/neutral/000025.jpg,neutral,neutral,success,0.0817576888948679,11.605487018823624,5.551087111234665,0.007376966823358089,55.29584288597107,0.00011288044561297284,27.458342909812927
neutral_250extra_0058.jpg,images/neutral/neutral_250extra_0058.jpg,neutral,neutral,success,14.245826005935669,0.7732548285275698,0.07389558013528585,0.016385580238420516,83.88689160346985,3.07463636772809e-05,1.0037131607532501
neutral_250extra_0070.jpg,images/neutral/neutral_250extra_0070.jpg,neutral,neutral,success,0.06331578274463312,2.5302329677482227,0.1354830769551144,0.004241810054728615,96.09888768785522,1.567235110733527e-05,1.1678230713500424
neutral_250extra_0064.jpg,images/neutral/neutral_250extra_0064.jpg,neutral,fear,success,0.35898268688470125,4.101734608411789,0.534462183713913,0.0011179418834217358,46.21698558330536,0.0009132262675848324,48.78580570220947
neutral_250extra_0065.jpg,images/neutral/neutral_250extra_0065.jpg,neutral,sad,success,3.040258322872802e-09,99.48521256446838,0.004153643385507166,2.6524511476111456e-07,0.391238322481513,1.3838057089099465e-08,0.11939704418182373
neutral_250extra_0071.jpg,images/neutral/neutral_250extra_0071.jpg,neutral,neutral,success,0.41526593267917633,0.8528690785169601,0.05761315696872771,0.09571915725246072,98.42134714126587,1.0147773732427368e-07,0.15718350186944008
neutral_250extra_0059.jpg,images/neutral/neutral_250extra_0059.jpg,neutral,neutral,success,1.488005937575586,8.320691934741506,6.546604597973276,0.7189512792734767,54.136287672962226,0.021455352896558894,28.76799955749517
000024.jpg,images/neutral/000024.jpg,neutral,neutral,success,0.007034174323954766,12.670219699753504,12.976726172967325,0.002384777286614521,73.20065338615497,6.177037561036135e-06,1.1429740797265815
000030.jpg,images/neutral/000030.jpg,neutral,neutral,success,0.037671340396627784,16.694432497024536,12.611743807792664,0.00029219891075626947,69.63346004486084,5.417030823906543e-07,1.0224001482129097
000187.jpg,images/neutral/000187.jpg,neutral,surprise,success,9.500203281641006,3.0394915491342545,11.405038833618164,49.75872337818146,0.17923571867868304,3.813011944293976,22.30430096387863
000178.jpg,images/neutral/000178.jpg,neutral,neutral,success,0.0537159535454782,3.659628922321136,2.674671235660984,0.00400861050612393,93.37336977561532,1.2604505746582061e-06,0.23460508325577278
000140.jpg,images/neutral/000140.jpg,neutral,neutral,success,3.8055304437875748,4.325910285115242,0.17729696119204164,0.0041946503188228235,91.0976231098175,3.889552715463651e-05,0.5894046276807785
000168.jpg,images/neutral/000168.jpg,neutral,neutral,success,7.5511254370212555,0.4299173131585121,0.3070236649364233,0.005478027378558181,87.60645389556885,8.449199562221565e-07,4.100002720952034
neutral_250extra_0101.jpg,images/neutral/neutral_250extra_0101.jpg,neutral,angry,success,0.14421775095152867,11.386789993857144,72.32220438983492,0.1693924508823396,10.17845692377769,0.0005485172749970446,5.798396414327194
neutral14.png,images/neutral/neutral14.png,neutral,neutral,success,2.1627044305205345,2.1260615438222885,0.06300473469309509,0.004999186785425991,95.08619904518127,9.121776400888848e-06,0.5570218898355961
neutral28.png,images/neutral/neutral28.png,neutral,happy,success,57.2773703667367,2.250868536635463,0.07741386993692755,0.006041738735714516,36.136044399266765,9.776034659229859e-05,4.252164200206304
000034.jpg,images/neutral/000034.jpg,neutral,neutral,success,0.22096969187259674,0.43283039703965187,0.016666723240632564,0.23830498103052378,99.06589984893799,3.573316295635287e-09,0.025332221412099898
neutral_250extra_0075.jpg,images/neutral/neutral_250extra_0075.jpg,neutral,fear,success,0.10854974389076233,28.796464204788208,7.862067222595215,0.047490710858255625,17.59941577911377,0.05985911702737212,45.52615284919739
neutral_250extra_0061.jpg,images/neutral/neutral_250extra_0061.jpg,neutral,neutral,success,0.7919848896563053,0.5100707523524761,0.1774038071744144,0.0016999558283714578,97.38320708274841,8.819969821161067e-06,1.1356252245604992
neutral_250extra_0049.jpg,images/neutral/neutral_250extra_0049.jpg,neutral,fear,success,3.131336533666229,16.964046710261115,29.31478249694988,0.8129957654468594,12.473134691679721,0.006602125811724137,37.297106497962446
neutral_250extra_0048.jpg,images/neutral/neutral_250extra_0048.jpg,neutral,neutral,success,0.004715593885558665,0.8878295839029302,0.022832227019837618,0.02447933803003061,99.0072070960526,1.288039529646729e-07,0.052936267701835495
neutral_250extra_0060.jpg,images/neutral/neutral_250extra_0060.jpg,neutral,neutral,success,0.02722415665630251,2.127682603895664,0.2971705514937639,0.00016211527054110775,97.1501886844635,1.7067117141778e-05,0.3975565079599619
neutral_250extra_0074.jpg,images/neutral/neutral_250extra_0074.jpg,neutral,neutral,success,1.6209591180086136,7.728729397058487,1.472835335880518,0.005067663369118236,84.24471020698547,0.00035655684769153595,4.927346855401993
000035.jpg,images/neutral/000035.jpg,neutral,neutral,success,10.98752683326762,0.0657007428396936,0.0016774566665242673,0.0009402045740146122,88.94411259556487,1.0479659432041579e-09,4.422195140535205e-05
neutral29.png,images/neutral/neutral29.png,neutral,neutral,success,0.019988273561466485,6.9541096687316895,7.968171685934067,0.002010377102124039,70.57737708091736,5.2902566949342145e-05,14.478293061256409
neutral15.png,images/neutral/neutral15.png,neutral,neutral,success,0.00010021248642035562,1.0964864587179697,0.026698316059719982,9.78038146146635e-05,98.70176307569523,1.4747716150245152e-07,0.17485630110912329
000182.jpg,images/neutral/000182.jpg,neutral,neutral,success,1.1918485087747399e-07,0.008588925265939906,1.6488043286244647e-05,0.00031086603939911583,99.98775720596313,3.3107305138671444e-15,0.0033278698538197204
neutral_250extra_0100.jpg,images/neutral/neutral_250extra_0100.jpg,neutral,neutral,success,0.0006375592874974245,8.530360460281372,1.4874176122248173,0.0006886898063385161,86.88375949859619,1.4540445647526212e-05,3.097120486199856
000155.jpg,images/neutral/000155.jpg,neutral,neutral,success,3.508911059916495e-06,0.8560656148830422,0.020661591910609865,0.006412790771963642,99.02778858112029,8.03280694089266e-13,0.08907015384220504
000194.jpg,images/neutral/000194.jpg,neutral,surprise,success,0.31699330572744044,0.4195674106965906,0.3506138431274201,80.9058297220367,0.48323514026314857,0.007192961922008137,17.51657083729332
neutral_250extra_0102.jpg,images/neutral/neutral_250extra_0102.jpg,neutral,neutral,success,0.01426080210385037,1.0491743377849065,36.70872966699181,0.21965404884690337,57.946739074393456,7.392830122409705e-08,4.061443228211595
neutral17.png,images/neutral/neutral17.png,neutral,neutral,success,27.15078592300415,2.8624553233385086,0.23141682613641024,0.01380977628286928,69.0885066986084,3.715333889431349e-05,0.6529873702675104
000209.jpg,images/neutral/000209.jpg,neutral,neutral,success,0.018852902576327324,3.000047244131565,25.551292300224304,0.0008719289326108992,71.33148312568665,5.102903169462714e-09,0.09745389688760042
000037.jpg,images/neutral/000037.jpg,neutral,neutral,success,18.153055012226105,17.33786314725876,13.182885944843292,1.5796564519405365,38.411080837249756,0.16937411855906248,11.166086047887802
neutral_250extra_0089.jpg,images/neutral/neutral_250extra_0089.jpg,neutral,neutral,success,2.2908053298446578e-06,14.558266348632138,0.011007077266840162,0.07980910382751868,53.33254377037809,5.752562307255931e-10,32.01837623338416
neutral_250extra_0062.jpg,images/neutral/neutral_250extra_0062.jpg,neutral,neutral,success,0.42984355241060257,8.665941655635834,3.4725360572338104,0.010491051216376945,81.3783347606659,0.00323218155244831,6.039625033736229
neutral_250extra_0076.jpg,images/neutral/neutral_250extra_0076.jpg,neutral,happy,success,78.34485431374856,7.680399545383508,5.561389856172817,0.00011644937989035214,8.413126806840085,2.491193620846179e-07,0.00010737584118581594
neutral_250extra_0077.jpg,images/neutral/neutral_250extra_0077.jpg,neutral,neutral,success,0.24748803116381168,6.5995581448078156,11.037936806678772,0.0006706388830934884,82.08354115486145,1.8283791147766237e-07,0.03080220485571772
neutral_250extra_0063.jpg,images/neutral/neutral_250extra_0063.jpg,neutral,neutral,success,0.284286302695352,27.628941990670086,0.9213925888474338,0.024165947964993,70.85002487003952,7.294951140540359e-05,0.2911157148251364
neutral_250extra_0088.jpg,images/neutral/neutral_250extra_0088.jpg,neutral,neutral,success,0.7201020140200853,0.11389849241822958,0.0015952691683196463,0.005770025018136948,99.14358258247375,1.4484805715975213e-09,0.015050108777359128
000036.jpg,images/neutral/000036.jpg,neutral,neutral,success,3.9451420307159424,0.5890798289328814,0.11096267262473702,0.03354246728122234,88.86030912399292,9.188576086671674e-05,6.460868567228317
000022.jpg,images/neutral/000022.jpg,neutral,neutral,success,0.003951006746258989,3.3209050190988196,0.19171310101602085,0.0012377443282428542,94.80143754490838,4.9696203183785084e-05,1.680708217961086
neutral16.png,images/neutral/neutral16.png,neutral,neutral,success,0.002617880454636179,5.344166234135628,0.38094623014330864,0.00011959912171732867,93.66322755813599,0.0001870530240921653,0.608739024028182
neutral_250extra_0103.jpg,images/neutral/neutral_250extra_0103.jpg,neutral,angry,success,1.4238693779589084e-06,0.039999003638513386,99.9464213848114,1.6849403650098793e-06,0.013579869118984789,2.945736119501459e-20,2.4023316669286032e-06
000195.jpg,images/neutral/000195.jpg,neutral,neutral,success,0.8074830286204815,1.2392179109156132,0.3261124948039651,9.623048526918865e-05,97.61707186698914,4.010222431904964e-08,0.0100175486295484
neutral_extra_0035.jpeg,images/neutral/neutral_extra_0035.jpeg,neutral,neutral,success,0.00750765175325796,0.680058216676116,0.008112142677418888,0.07433752180077136,97.0358669757843,1.1913294795107277e-07,2.1941207349300385
000156.jpg,images/neutral/000156.jpg,neutral,failed,no_face_detected,,,,,,,
neutral_extra_0012.jpg,images/neutral/neutral_extra_0012.jpg,neutral,neutral,success,0.004715593885558665,0.8878295839029302,0.022832227019837618,0.02447933803003061,99.0072070960526,1.288039529646729e-07,0.052936267701835495
neutral_extra_0006.jpg,images/neutral/neutral_extra_0006.jpg,neutral,neutral,success,0.0817576888948679,11.605487018823624,5.551087111234665,0.007376966823358089,55.29584288597107,0.00011288044561297284,27.458342909812927
000125.jpg,images/neutral/000125.jpg,neutral,neutral,success,0.031717208912596107,4.851442202925682,0.4197860602289438,0.0038755642890464514,91.45269393920898,0.00010963483418890974,3.2403815537691116
000079.jpg,images/neutral/000079.jpg,neutral,happy,success,89.22095894813538,0.034527378738857806,0.00021341172669053776,0.06052558892406523,10.682284832000732,7.672997653918046e-10,0.0014868881407892331
000045.jpg,images/neutral/000045.jpg,neutral,neutral,success,0.006274560291785747,0.8278392255306244,0.018169847317039967,0.026583430008031428,99.07363057136536,9.524285804474175e-08,0.04750180523842573
000051.jpg,images/neutral/000051.jpg,neutral,neutral,success,0.031717208912596107,4.851442202925682,0.4197860602289438,0.0038755642890464514,91.45269393920898,0.00010963483418890974,3.2403815537691116
neutral_250extra_0038.jpg,images/neutral/neutral_250extra_0038.jpg,neutral,neutral,success,1.911383494734764,2.099616639316082,0.7924905978143215,0.24178449530154467,87.921804189682,0.0013300093087309506,7.031587511301041
000086.jpg,images/neutral/000086.jpg,neutral,neutral,success,1.8481004983186722,21.599173545837402,6.09162300825119,0.013222545385360718,67.34501123428345,0.0050128808652516454,3.0978554859757423
neutral_250extra_0004.jpg,images/neutral/neutral_250extra_0004.jpg,neutral,neutral,success,0.7379007060080767,1.0244888253509998,0.23323006462305784,0.005451892866403796,97.44592308998108,9.672192646803524e-06,0.5529979709535837
neutral_250extra_0010.jpg,images/neutral/neutral_250extra_0010.jpg,neutral,neutral,success,0.037671340396627784,16.694432497024536,12.611743807792664,0.00029219891075626947,69.63346004486084,5.417030823906543e-07,1.0224001482129097
000092.jpg,images/neutral/000092.jpg,neutral,neutral,success,10.467182844877243,0.13363620964810252,0.11599326971918344,0.004023159999633208,89.1647219657898,1.0912613390701154e-05,0.11443512048572302
neutral_250extra_0011.jpg,images/neutral/neutral_250extra_0011.jpg,neutral,neutral,success,0.42984355241060257,8.665941655635834,3.4725360572338104,0.010491051216376945,81.3783347606659,0.00323218155244831,6.039625033736229
000093.jpg,images/neutral/000093.jpg,neutral,happy,success,99.90094303494352,1.0347315621569738e-06,1.7100275340813421e-09,5.543504319599071e-08,0.09905479973136185,2.462388960128883e-12,5.070982825035394e-08
000087.jpg,images/neutral/000087.jpg,neutral,happy,success,97.59020180585406,0.018519911852710617,0.11919855862615211,0.16263442422934463,2.057363896949756,0.0002734174684859449,0.05180651241097002
neutral_250extra_0005.jpg,images/neutral/neutral_250extra_0005.jpg,neutral,neutral,success,0.006832887447671965,21.85930907726288,5.101241543889046,9.063475579023361,32.38172233104706,4.956852706072823e-07,31.587418913841248
neutral_250extra_0039.jpg,images/neutral/neutral_250extra_0039.jpg,neutral,neutral,success,0.605911947786808,13.134810328483582,3.6707591265439987,0.0021178748284000903,82.10570216178894,7.836424629203975e-05,0.4806199111044407
000050.jpg,images/neutral/000050.jpg,neutral,neutral,success,0.43385771826551667,9.593371128640838,0.8295542123648055,0.0013274563452761678,89.1029828252186,8.302874261186996e-06,0.038898243791877854
000044.jpg,images/neutral/000044.jpg,neutral,fear,success,0.4086070228368044,16.160839796066284,9.068097174167633,0.06645746761932969,36.369019746780396,0.024284928804263473,37.90269196033478
000078.jpg,images/neutral/000078.jpg,neutral,neutral,success,2.5573819875717163,0.056716788094490767,0.004485007593757473,0.0023191636500996538,97.37802743911743,9.808850259807045e-09,0.0010694949196476955
neutral_extra_0007.jpg,images/neutral/neutral_extra_0007.jpg,neutral,sad,success,5.099915156847601e-07,86.93934679031372,0.19005322828888893,0.0015271933079930022,12.465056777000427,2.1454604585968706e-11,0.40402086451649666
neutral_extra_0013.jpg,images/neutral/neutral_extra_0013.jpg,neutral,neutral,success,10.98752683326762,0.0657007428396936,0.0016774566665242673,0.0009402045740146122,88.94411259556487,1.0479659432041579e-09,4.422195140535205e-05
neutral_extra_0005.jpg,images/neutral/neutral_extra_0005.jpg,neutral,neutral,success,0.19390584202483296,2.0806701853871346,0.6212550681084394,7.290897769962612e-05,97.04177975654602,4.161583522233059e-07,0.06231857114471495
neutral_extra_0011.jpg,images/neutral/neutral_extra_0011.jpg,neutral,neutral,success,0.7919848896563053,0.5100707523524761,0.1774038071744144,0.0016999558283714578,97.38320708274841,8.819969821161067e-06,1.1356252245604992
000052.jpg,images/neutral/000052.jpg,neutral,neutral,success,1.7789743038400592,25.94288146155366,4.068539534124108,0.020862142052666368,63.23703904372687,0.0006170105193054054,4.9510873079948015
000046.jpg,images/neutral/000046.jpg,neutral,fear,success,3.131336533666229,16.964046710261115,29.31478249694988,0.8129957654468594,12.473134691679721,0.006602125811724137,37.297106497962446
000091.jpg,images/neutral/000091.jpg,neutral,neutral,success,14.245826005935669,0.7732548285275698,0.07389558013528585,0.016385580238420516,83.88689160346985,3.07463636772809e-05,1.0037131607532501
neutral_250extra_0013.jpg,images/neutral/neutral_250extra_0013.jpg,neutral,neutral,success,0.008305280789500102,0.6133629474788904,0.06977702141739428,1.1124513576987738e-05,99.29982423782349,1.2884344632868583e-09,0.008722156781004742
neutral_250extra_0007.jpg,images/neutral/neutral_250extra_0007.jpg,neutral,fear,success,2.643030323088169,8.147572726011276,0.9930456057190895,0.05057577509433031,23.70494306087494,0.011453677143435925,64.44937586784363
neutral_250extra_0006.jpg,images/neutral/neutral_250extra_0006.jpg,neutral,neutral,success,1.0701249060109201,7.296629684962611,5.197752576932465,0.5605280733423277,49.1277962403176,0.012438977878628842,36.73473219482494
000084.jpg,images/neutral/000084.jpg,neutral,neutral,success,2.1346576511859894,24.30269569158554,1.613602228462696,0.1117432489991188,55.17206788063049,0.12200954370200634,16.543227434158325
000090.jpg,images/neutral/000090.jpg,neutral,fear,success,0.0008175104150293238,9.80740380971477,0.6650382980004904,3.951449045711642,3.2995611637307602,0.7187029272261771,81.55703324759403
neutral_250extra_0012.jpg,images/neutral/neutral_250extra_0012.jpg,neutral,sad,success,0.1539808207701636,57.35102041667822,6.917505378574454,0.10363057407770003,28.261061207119297,0.00799627061864484,7.20480574398075
000047.jpg,images/neutral/000047.jpg,neutral,neutral,success,0.284286302695352,27.628941990670086,0.9213925888474338,0.024165947964993,70.85002487003952,7.294951140540359e-05,0.2911157148251364
000053.jpg,images/neutral/000053.jpg,neutral,neutral,success,0.10016994783654809,21.93472981452942,13.30266147851944,0.003869292777380906,62.80134916305542,4.45249531688674e-09,1.8572183325886726
000133.jpg,images/neutral/000133.jpg,neutral,neutral,success,0.284286302695352,27.628941990670086,0.9213925888474338,0.024165947964993,70.85002487003952,7.294951140540359e-05,0.2911157148251364
000127.jpg,images/neutral/000127.jpg,neutral,neutral,success,12.55801990974068,1.316588077937846,0.1991437401112163,0.01949176774124907,85.65389428459967,1.5081969639515558e-05,0.25284759810403573
neutral_extra_0010.jpg,images/neutral/neutral_extra_0010.jpg,neutral,neutral,success,0.02722415665630251,2.127682603895664,0.2971705514937639,0.00016211527054110775,97.1501886844635,1.7067117141778e-05,0.3975565079599619
neutral_extra_0004.jpg,images/neutral/neutral_extra_0004.jpg,neutral,neutral,success,0.003951006746258989,3.3209050190988196,0.19171310101602085,0.0012377443282428542,94.80143754490838,4.9696203183785084e-05,1.680708217961086
000137.jpg,images/neutral/000137.jpg,neutral,neutral,success,0.1024428172968328,8.583018183708191,21.665067970752716,0.004314837860874832,68.70097517967224,0.0001487921281295712,0.9440336376428604
neutral_extra_0028.jpg,images/neutral/neutral_extra_0028.jpg,neutral,neutral,success,0.18735503545030951,0.05638340953737497,0.0007334888778132154,0.0007268756689882139,99.6747612953186,7.133649226886973e-09,0.08004169794730842
neutral_extra_0014.jpg,images/neutral/neutral_extra_0014.jpg,neutral,neutral,success,3.8055304437875748,4.325910285115242,0.17729696119204164,0.0041946503188228235,91.0976231098175,3.889552715463651e-05,0.5894046276807785
000057.jpg,images/neutral/000057.jpg,neutral,neutral,success,1.911383494734764,2.099616639316082,0.7924905978143215,0.24178449530154467,87.921804189682,0.0013300093087309506,7.031587511301041
000043.jpg,images/neutral/000043.jpg,neutral,neutral,success,0.02722415665630251,2.127682603895664,0.2971705514937639,0.00016211527054110775,97.1501886844635,1.7067117141778e-05,0.3975565079599619
neutral_250extra_0016.jpg,images/neutral/neutral_250extra_0016.jpg,neutral,neutral,success,18.153055012226105,17.33786314725876,13.182885944843292,1.5796564519405365,38.411080837249756,0.16937411855906248,11.166086047887802
000094.jpg,images/neutral/000094.jpg,neutral,neutral,success,1.2664862908422947,16.975468397140503,6.733831763267517,0.016098203195724636,71.79076075553894,0.006688558642053977,3.2106682658195496
000080.jpg,images/neutral/000080.jpg,neutral,happy,success,66.01254940032959,0.052467145724222064,0.19297729013487697,0.3452545031905174,32.379063963890076,6.904885481162637e-05,1.0176134295761585
neutral_250extra_0002.jpg,images/neutral/neutral_250extra_0002.jpg,neutral,neutral,success,0.007034174323954766,12.670219699753504,12.976726172967325,0.002384777286614521,73.20065338615497,6.177037561036135e-06,1.1429740797265815
neutral_250extra_0003.jpg,images/neutral/neutral_250extra_0003.jpg,neutral,neutral,success,0.0817576888948679,11.605487018823624,5.551087111234665,0.007376966823358089,55.29584288597107,0.00011288044561297284,27.458342909812927
neutral_250extra_0017.jpg,images/neutral/neutral_250extra_0017.jpg,neutral,neutral,success,3.9451420307159424,0.5890798289328814,0.11096267262473702,0.03354246728122234,88.86030912399292,9.188576086671674e-05,6.460868567228317
000042.jpg,images/neutral/000042.jpg,neutral,neutral,success,0.0008570775718630427,2.5573713366610606,2.547078545217427,0.00012377967833529055,94.88374560378466,1.4537932272114857e-11,0.01082355512092591
000056.jpg,images/neutral/000056.jpg,neutral,neutral,success,1.9000557452473488,4.730151130566068,0.11754810812238503,0.0019877884644954108,92.77217345071873,8.957503007003577e-06,0.4780733311518032
neutral_extra_0015.jpg,images/neutral/neutral_extra_0015.jpg,neutral,neutral,success,0.42984355241060257,8.665941655635834,3.4725360572338104,0.010491051216376945,81.3783347606659,0.00323218155244831,6.039625033736229
neutral_extra_0001.jpg,images/neutral/neutral_extra_0001.jpg,neutral,neutral,success,1.0701249060109201,7.296629684962611,5.197752576932465,0.5605280733423277,49.1277962403176,0.012438977878628842,36.73473219482494
neutral_extra_0029.jpg,images/neutral/neutral_extra_0029.jpg,neutral,neutral,success,0.06331578274463312,2.5302329677482227,0.1354830769551144,0.004241810054728615,96.09888768785522,1.567235110733527e-05,1.1678230713500424
neutral_extra_0017.jpg,images/neutral/neutral_extra_0017.jpg,neutral,fear,success,2.643030323088169,8.147572726011276,0.9930456057190895,0.05057577509433031,23.70494306087494,0.011453677143435925,64.44937586784363
neutral_extra_0003.jpg,images/neutral/neutral_extra_0003.jpg,neutral,neutral,success,0.008305280789500102,0.6133629474788904,0.06977702141739428,1.1124513576987738e-05,99.29982423782349,1.2884344632868583e-09,0.008722156781004742
000040.jpg,images/neutral/000040.jpg,neutral,neutral,success,4.713709526111113e-05,0.4687376134090193,0.004761788579406654,0.004189726564234588,99.45586916541274,5.3008414621905186e-11,0.06639651069359545
000054.jpg,images/neutral/000054.jpg,neutral,neutral,success,0.06331578274463312,2.5302329677482227,0.1354830769551144,0.004241810054728615,96.09888768785522,1.567235110733527e-05,1.1678230713500424
neutral_250extra_0001.jpg,images/neutral/neutral_250extra_0001.jpg,neutral,neutral,success,0.003951006746258989,3.3209050190988196,0.19171310101602085,0.0012377443282428542,94.80143754490838,4.9696203183785084e-05,1.680708217961086
000097.jpg,images/neutral/000097.jpg,neutral,happy,success,81.95750928431639,0.00111762624647826,1.925958007744459e-06,0.022813330187828964,18.01853263157217,9.359302580921922e-11,2.1640267085392146e-05
neutral_250extra_0015.jpg,images/neutral/neutral_250extra_0015.jpg,neutral,neutral,success,10.98752683326762,0.0657007428396936,0.0016774566665242673,0.0009402045740146122,88.94411259556487,1.0479659432041579e-09,4.422195140535205e-05
neutral_250extra_0029.jpg,images/neutral/neutral_250extra_0029.jpg,neutral,neutral,success,1.323212991122843,2.6304247447341984,1.1027373921588193,0.000264483096847172,94.8771959689622,5.781126443400758e-07,0.06615909890424027
neutral_250extra_0028.jpg,images/neutral/neutral_250extra_0028.jpg,neutral,neutral,success,0.284286302695352,27.628941990670086,0.9213925888474338,0.024165947964993,70.85002487003952,7.294951140540359e-05,0.2911157148251364
neutral_250extra_0014.jpg,images/neutral/neutral_250extra_0014.jpg,neutral,neutral,success,0.22096969187259674,0.43283039703965187,0.016666723240632564,0.23830498103052378,99.06589984893799,3.573316295635287e-09,0.025332221412099898
000055.jpg,images/neutral/000055.jpg,neutral,sad,success,0.018288106366526335,62.518250942230225,2.4439016357064247,0.16467483947053552,5.14833964407444,7.247091084718704,22.45945632457733
000041.jpg,images/neutral/000041.jpg,neutral,neutral,success,3.8055304437875748,4.325910285115242,0.17729696119204164,0.0041946503188228235,91.0976231098175,3.889552715463651e-05,0.5894046276807785
neutral_extra_0002.jpg,images/neutral/neutral_extra_0002.jpg,neutral,fear,success,3.131336533666229,16.964046710261115,29.31478249694988,0.8129957654468594,12.473134691679721,0.006602125811724137,37.297106497962446
neutral_extra_0016.jpg,images/neutral/neutral_extra_0016.jpg,neutral,neutral,success,18.153055012226105,17.33786314725876,13.182885944843292,1.5796564519405365,38.411080837249756,0.16937411855906248,11.166086047887802
000109.jpg,images/neutral/000109.jpg,neutral,neutral,success,0.19390584202483296,2.0806701853871346,0.6212550681084394,7.290897769962612e-05,97.04177975654602,4.161583522233059e-07,0.06231857114471495
neutral_extra_0033.jpg,images/neutral/neutral_extra_0033.jpg,neutral,neutral,success,0.10016994783654809,21.93472981452942,13.30266147851944,0.003869292777380906,62.80134916305542,4.45249531688674e-09,1.8572183325886726
neutral_extra_0027.jpg,images/neutral/neutral_extra_0027.jpg,neutral,neutral,success,3.465532884001732,0.003150605334667489,0.00032363241189159453,7.445851574194862e-09,96.53099179267883,2.2974774423176608e-15,1.9658794592203321e-07
000110.jpg,images/neutral/000110.jpg,neutral,fear,success,2.643030323088169,8.147572726011276,0.9930456057190895,0.05057577509433031,23.70494306087494,0.011453677143435925,64.44937586784363
000104.jpg,images/neutral/000104.jpg,neutral,neutral,success,0.006832887447671965,21.85930907726288,5.101241543889046,9.063475579023361,32.38172233104706,4.956852706072823e-07,31.587418913841248
000058.jpg,images/neutral/000058.jpg,neutral,neutral,success,0.605911947786808,13.134810328483582,3.6707591265439987,0.0021178748284000903,82.10570216178894,7.836424629203975e-05,0.4806199111044407
000064.jpg,images/neutral/000064.jpg,neutral,neutral,success,0.9151791222393513,9.10496935248375,9.355182200670242,0.037952838465571404,79.75836396217346,0.000697710720487521,0.8276550099253654
000070.jpg,images/neutral/000070.jpg,neutral,neutral,success,3.563668206334114,2.038714475929737,0.08302986971102655,0.5103807430714369,92.81265139579773,1.1017132806045993e-05,0.9915458969771862
neutral_250extra_0019.jpg,images/neutral/neutral_250extra_0019.jpg,neutral,neutral,success,0.18735503545030951,0.05638340953737497,0.0007334888778132154,0.0007268756689882139,99.6747612953186,7.133649226886973e-09,0.08004169794730842
neutral_250extra_0025.jpg,images/neutral/neutral_250extra_0025.jpg,neutral,neutral,success,1.3500428758561611,0.13546263799071312,0.015033665113151073,2.728820902575535e-06,98.49902987480164,1.5208959308968262e-10,0.0004301435183151625
neutral_250extra_0031.jpg,images/neutral/neutral_250extra_0031.jpg,neutral,neutral,success,3.465532884001732,0.003150605334667489,0.00032363241189159453,7.445851574194862e-09,96.53099179267883,2.2974774423176608e-15,1.9658794592203321e-07
neutral_250extra_0030.jpg,images/neutral/neutral_250extra_0030.jpg,neutral,neutral,success,0.43385771826551667,9.593371128640838,0.8295542123648055,0.0013274563452761678,89.1029828252186,8.302874261186996e-06,0.038898243791877854
neutral_250extra_0024.jpg,images/neutral/neutral_250extra_0024.jpg,neutral,neutral,success,0.004715593885558665,0.8878295839029302,0.022832227019837618,0.02447933803003061,99.0072070960526,1.288039529646729e-07,0.052936267701835495
neutral_250extra_0018.jpg,images/neutral/neutral_250extra_0018.jpg,neutral,neutral,success,0.004640504266717471,0.2981020603328943,0.002717471943469718,3.089441236170387e-05,99.68532919883728,5.65582433317835e-10,0.009177006722893566
000059.jpg,images/neutral/000059.jpg,neutral,neutral,success,0.07519348739868327,0.24128220085246568,0.0051871530922155806,0.0003181643213349316,99.24949999150634,1.672782123714807e-07,0.42851988917707734
000105.jpg,images/neutral/000105.jpg,neutral,neutral,success,0.003951006746258989,3.3209050190988196,0.19171310101602085,0.0012377443282428542,94.80143754490838,4.9696203183785084e-05,1.680708217961086
neutral_extra_0026.jpg,images/neutral/neutral_extra_0026.jpg,neutral,neutral,success,0.386019772849977,3.608030453324318,0.4114209674298763,0.038390562986023724,93.97073984146118,5.833166483171226e-05,1.5853427350521088
neutral_extra_0032.jpg,images/neutral/neutral_extra_0032.jpg,neutral,neutral,success,1.323212991122843,2.6304247447341984,1.1027373921588193,0.000264483096847172,94.8771959689622,5.781126443400758e-07,0.06615909890424027
neutral_extra_0024.jpg,images/neutral/neutral_extra_0024.jpg,neutral,neutral,success,1.7789743038400592,25.94288146155366,4.068539534124108,0.020862142052666368,63.23703904372687,0.0006170105193054054,4.9510873079948015
neutral_extra_0030.jpg,images/neutral/neutral_extra_0030.jpg,neutral,sad,success,0.018288106366526335,62.518250942230225,2.4439016357064247,0.16467483947053552,5.14833964407444,7.247091084718704,22.45945632457733
neutral_extra_0018.jpg,images/neutral/neutral_extra_0018.jpg,neutral,neutral,success,0.0008570775718630427,2.5573713366610606,2.547078545217427,0.00012377967833529055,94.88374560378466,1.4537932272114857e-11,0.01082355512092591
000113.jpg,images/neutral/000113.jpg,neutral,neutral,success,3.9451420307159424,0.5890798289328814,0.11096267262473702,0.03354246728122234,88.86030912399292,9.188576086671674e-05,6.460868567228317
000073.jpg,images/neutral/000073.jpg,neutral,happy,success,62.76816877939329,0.0010067118018484774,0.00022298704991713622,36.098925602307986,0.14298030249912172,1.6426405178131384e-12,0.9886951433056764
000067.jpg,images/neutral/000067.jpg,neutral,happy,success,96.70569896697998,0.005050576146459207,5.1046453108938294e-05,1.0506220604611372e-05,3.289179503917694,1.0898053293129095e-10,9.452266880316529e-06
neutral_250extra_0032.jpg,images/neutral/neutral_250extra_0032.jpg,neutral,neutral,success,0.031717208912596107,4.851442202925682,0.4197860602289438,0.0038755642890464514,91.45269393920898,0.00010963483418890974,3.2403815537691116
neutral_250extra_0026.jpg,images/neutral/neutral_250extra_0026.jpg,neutral,fear,success,3.131336533666229,16.964046710261115,29.31478249694988,0.8129957654468594,12.473134691679721,0.006602125811724137,37.297106497962446
neutral_250extra_0027.jpg,images/neutral/neutral_250extra_0027.jpg,neutral,neutral,success,1.128916535526514,6.717406213283539,1.3932504691183567,0.09468808420933783,73.63964319229126,0.007087219273671508,17.019005119800568
neutral_250extra_0033.jpg,images/neutral/neutral_250extra_0033.jpg,neutral,neutral,success,1.7789743038400592,25.94288146155366,4.068539534124108,0.020862142052666368,63.23703904372687,0.0006170105193054054,4.9510873079948015
000099.jpg,images/neutral/000099.jpg,neutral,neutral,success,1.0701249060109201,7.296629684962611,5.197752576932465,0.5605280733423277,49.1277962403176,0.012438977878628842,36.73473219482494
000066.jpg,images/neutral/000066.jpg,neutral,neutral,success,0.1024428172968328,8.583018183708191,21.665067970752716,0.004314837860874832,68.70097517967224,0.0001487921281295712,0.9440336376428604
000072.jpg,images/neutral/000072.jpg,neutral,neutral,success,1.9880175590515137,2.412571758031845,0.31276545487344265,0.0061371792980935425,93.55118870735168,1.1221751528012192e-06,1.7293157055974007
000112.jpg,images/neutral/000112.jpg,neutral,sad,success,3.040258322872802e-09,99.48521256446838,0.004153643385507166,2.6524511476111456e-07,0.391238322481513,1.3838057089099465e-08,0.11939704418182373
000106.jpg,images/neutral/000106.jpg,neutral,neutral,success,0.18735503545030951,0.05638340953737497,0.0007334888778132154,0.0007268756689882139,99.6747612953186,7.133649226886973e-09,0.08004169794730842
neutral_extra_0019.jpg,images/neutral/neutral_extra_0019.jpg,neutral,neutral,success,0.007034174323954766,12.670219699753504,12.976726172967325,0.002384777286614521,73.20065338615497,6.177037561036135e-06,1.1429740797265815
neutral_extra_0031.jpg,images/neutral/neutral_extra_0031.jpg,neutral,neutral,success,2.5573819875717163,0.056716788094490767,0.004485007593757473,0.0023191636500996538,97.37802743911743,9.808850259807045e-09,0.0010694949196476955
neutral_extra_0025.jpg,images/neutral/neutral_extra_0025.jpg,neutral,neutral,success,0.284286302695352,27.628941990670086,0.9213925888474338,0.024165947964993,70.85002487003952,7.294951140540359e-05,0.2911157148251364
000102.jpg,images/neutral/000102.jpg,neutral,neutral,success,4.713709526111113e-05,0.4687376134090193,0.004761788579406654,0.004189726564234588,99.45586916541274,5.3008414621905186e-11,0.06639651069359545
000116.jpg,images/neutral/000116.jpg,neutral,neutral,success,18.153055012226105,17.33786314725876,13.182885944843292,1.5796564519405365,38.411080837249756,0.16937411855906248,11.166086047887802
neutral_extra_0009.jpg,images/neutral/neutral_extra_0009.jpg,neutral,sad,success,0.1539808207701636,57.35102041667822,6.917505378574454,0.10363057407770003,28.261061207119297,0.00799627061864484,7.20480574398075
neutral_extra_0021.jpg,images/neutral/neutral_extra_0021.jpg,neutral,neutral,success,0.41526593267917633,0.8528690785169601,0.05761315696872771,0.09571915725246072,98.42134714126587,1.0147773732427368e-07,0.15718350186944008
000076.jpg,images/neutral/000076.jpg,neutral,neutral,success,1.0738107647512152e-05,17.743490636348724,0.04986408166587353,2.8065316737269086e-08,82.17157125473022,3.8264276323212235e-12,0.03506375942379236
000062.jpg,images/neutral/000062.jpg,neutral,neutral,success,1.1918485087747399e-07,0.008588925265939906,1.6488043286244647e-05,0.00031086603939911583,99.98775720596313,3.3107305138671444e-15,0.0033278698538197204
neutral_250extra_0037.jpg,images/neutral/neutral_250extra_0037.jpg,neutral,neutral,success,0.10016994783654809,21.93472981452942,13.30266147851944,0.003869292777380906,62.80134916305542,4.45249531688674e-09,1.8572183325886726
neutral_250extra_0023.jpg,images/neutral/neutral_250extra_0023.jpg,neutral,fear,success,0.4086070228368044,16.160839796066284,9.068097174167633,0.06645746761932969,36.369019746780396,0.024284928804263473,37.90269196033478
000089.jpg,images/neutral/000089.jpg,neutral,neutral,success,0.06861137808300555,5.993912369012833,8.342649787664413,0.00040062527659756597,85.46490669250488,3.76947577969064e-11,0.12952166143804789
000088.jpg,images/neutral/000088.jpg,neutral,happy,success,52.371037006378174,35.7406884431839,0.18978758016601205,0.0005369952759792795,5.053238943219185,0.20346047822386026,6.441256403923035
neutral_250extra_0022.jpg,images/neutral/neutral_250extra_0022.jpg,neutral,neutral,success,0.02722415665630251,2.127682603895664,0.2971705514937639,0.00016211527054110775,97.1501886844635,1.7067117141778e-05,0.3975565079599619
neutral_250extra_0036.jpg,images/neutral/neutral_250extra_0036.jpg,neutral,neutral,success,1.9000557452473488,4.730151130566068,0.11754810812238503,0.0019877884644954108,92.77217345071873,8.957503007003577e-06,0.4780733311518032
000063.jpg,images/neutral/000063.jpg,neutral,happy,success,78.34485431374856,7.680399545383508,5.561389856172817,0.00011644937989035214,8.413126806840085,2.491193620846179e-07,0.00010737584118581594
000077.jpg,images/neutral/000077.jpg,neutral,angry,success,0.0028182499590911902,0.8249686099588871,95.43824195861816,0.0004686130068876082,0.029841248760931194,0.00019021146044906345,3.703470900654793
neutral_extra_0034.jpg,images/neutral/neutral_extra_0034.jpg,neutral,neutral,success,0.9151791222393513,9.10496935248375,9.355182200670242,0.037952838465571404,79.75836396217346,0.000697710720487521,0.8276550099253654
neutral_extra_0020.jpg,images/neutral/neutral_extra_0020.jpg,neutral,neutral,success,0.7379007060080767,1.0244888253509998,0.23323006462305784,0.005451892866403796,97.44592308998108,9.672192646803524e-06,0.5529979709535837
neutral_extra_0008.jpg,images/neutral/neutral_extra_0008.jpg,neutral,neutral,success,0.006832887447671965,21.85930907726288,5.101241543889046,9.063475579023361,32.38172233104706,4.956852706072823e-07,31.587418913841248
000115.jpg,images/neutral/000115.jpg,neutral,neutral,success,0.13552901800721884,8.211991935968399,0.9419244714081287,0.01124629270634614,90.36358594894409,0.00037426593735290226,0.3353516571223736
000101.jpg,images/neutral/000101.jpg,neutral,neutral,success,0.02722415665630251,2.127682603895664,0.2971705514937639,0.00016211527054110775,97.1501886844635,1.7067117141778e-05,0.3975565079599619
neutral_extra_0036.jpg,images/neutral/neutral_extra_0036.jpg,neutral,neutral,success,0.1024428172968328,8.583018183708191,21.665067970752716,0.004314837860874832,68.70097517967224,0.0001487921281295712,0.9440336376428604
neutral_extra_0022.jpg,images/neutral/neutral_extra_0022.jpg,neutral,fear,success,0.4086070228368044,16.160839796066284,9.068097174167633,0.06645746761932969,36.369019746780396,0.024284928804263473,37.90269196033478
000061.jpg,images/neutral/000061.jpg,neutral,neutral,success,0.016395711281802505,2.3535022512078285,0.4841641057282686,0.0034644854167709127,94.95629072189331,3.560038486227768e-07,2.186180464923382
000075.jpg,images/neutral/000075.jpg,neutral,neutral,success,0.21982891485095024,1.1406569741666317,0.5716217681765556,8.085637404064983e-06,97.94971942901611,3.77607917156908e-08,0.1181636587716639
000049.jpg,images/neutral/000049.jpg,neutral,neutral,success,1.128916535526514,6.717406213283539,1.3932504691183567,0.09468808420933783,73.63964319229126,0.007087219273671508,17.019005119800568
neutral_250extra_0020.jpg,images/neutral/neutral_250extra_0020.jpg,neutral,neutral,success,3.8055304437875748,4.325910285115242,0.17729696119204164,0.0041946503188228235,91.0976231098175,3.889552715463651e-05,0.5894046276807785
neutral_250extra_0034.jpg,images/neutral/neutral_250extra_0034.jpg,neutral,sad,success,0.018288106366526335,62.518250942230225,2.4439016357064247,0.16467483947053552,5.14833964407444,7.247091084718704,22.45945632457733
neutral_250extra_0008.jpg,images/neutral/neutral_250extra_0008.jpg,neutral,neutral,success,0.7919848896563053,0.5100707523524761,0.1774038071744144,0.0016999558283714578,97.38320708274841,8.819969821161067e-06,1.1356252245604992
neutral_250extra_0009.jpg,images/neutral/neutral_250extra_0009.jpg,neutral,neutral,success,0.19390584202483296,2.0806701853871346,0.6212550681084394,7.290897769962612e-05,97.04177975654602,4.161583522233059e-07,0.06231857114471495
neutral_250extra_0035.jpg,images/neutral/neutral_250extra_0035.jpg,neutral,neutral,success,0.06331578274463312,2.5302329677482227,0.1354830769551144,0.004241810054728615,96.09888768785522,1.567235110733527e-05,1.1678230713500424
neutral_250extra_0021.jpg,images/neutral/neutral_250extra_0021.jpg,neutral,neutral,success,0.0008570775718630427,2.5573713366610606,2.547078545217427,0.00012377967833529055,94.88374560378466,1.4537932272114857e-11,0.01082355512092591
000074.jpg,images/neutral/000074.jpg,neutral,neutral,success,5.624391883611679,0.5712555721402168,0.11404481483623385,0.0004352471478341613,93.58218908309937,1.0603616873439137e-07,0.10768197244033217
neutral_extra_0023.jpg,images/neutral/neutral_extra_0023.jpg,neutral,neutral,success,0.43385771826551667,9.593371128640838,0.8295542123648055,0.0013274563452761678,89.1029828252186,8.302874261186996e-06,0.038898243791877854
000128.jpg,images/neutral/000128.jpg,neutral,neutral,success,0.07519348739868327,0.24128220085246568,0.0051871530922155806,0.0003181643213349316,99.24949999150634,1.672782123714807e-07,0.42851988917707734
000114.jpg,images/neutral/000114.jpg,neutral,neutral,success,3.465532884001732,0.003150605334667489,0.00032363241189159453,7.445851574194862e-09,96.53099179267883,2.2974774423176608e-15,1.9658794592203321e-07
000167.jpg,images/neutral/000167.jpg,neutral,happy,success,94.9557900428772,0.004918167178402655,3.043038887540206e-06,0.02458680246490985,4.928648471832275,6.852375871585492e-10,0.08605896146036685
neutral27.png,images/neutral/neutral27.png,neutral,neutral,success,1.2620335265716032,4.0662045220258545,1.145618756599352,0.002587827084058368,86.17893375032746,5.116060342776228e-05,7.344569703612906
000211.jpg,images/neutral/000211.jpg,neutral,neutral,success,0.015447050100192428,3.691185638308525,0.4436842631548643,8.803070272733748e-06,95.78705430030823,3.058229450930705e-10,0.06261959206312895
neutral_250extra_0085.jpg,images/neutral/neutral_250extra_0085.jpg,neutral,neutral,success,0.16407365910708904,2.7752332389354706,0.21473285742104053,0.0012665154827118386,92.32036471366882,0.0005961835086054634,4.523731395602226
neutral_250extra_0091.jpg,images/neutral/neutral_250extra_0091.jpg,neutral,neutral,success,0.06331578274463312,2.5302329677482227,0.1354830769551144,0.004241810054728615,96.09888768785522,1.567235110733527e-05,1.1678230713500424
neutral_250extra_0046.jpg,images/neutral/neutral_250extra_0046.jpg,neutral,fear,success,2.643030323088169,8.147572726011276,0.9930456057190895,0.05057577509433031,23.70494306087494,0.011453677143435925,64.44937586784363
neutral_250extra_0052.jpg,images/neutral/neutral_250extra_0052.jpg,neutral,neutral,success,0.18735503545030951,0.05638340953737497,0.0007334888778132154,0.0007268756689882139,99.6747612953186,7.133649226886973e-09,0.08004169794730842
neutral_250extra_0053.jpg,images/neutral/neutral_250extra_0053.jpg,neutral,neutral,success,18.153055012226105,17.33786314725876,13.182885944843292,1.5796564519405365,38.411080837249756,0.16937411855906248,11.166086047887802
neutral_250extra_0047.jpg,images/neutral/neutral_250extra_0047.jpg,neutral,neutral,success,3.465532884001732,0.003150605334667489,0.00032363241189159453,7.445851574194862e-09,96.53099179267883,2.2974774423176608e-15,1.9658794592203321e-07
neutral_250extra_0090.jpg,images/neutral/neutral_250extra_0090.jpg,neutral,neutral,success,2.818291990120846e-07,11.41721599800682,0.13208611258632616,0.002877764553520299,87.52493187933754,2.373666292268804e-10,0.922886150949368
neutral_250extra_0084.jpg,images/neutral/neutral_250extra_0084.jpg,neutral,neutral,success,1.6452001309156261,0.04301445511556207,0.001271838876434717,4.0751769006041405,94.16018198011136,1.0321132907944222e-10,0.07515094162028234
000210.jpg,images/neutral/000210.jpg,neutral,neutral,success,0.1509326510131359,41.85954928398132,4.40283790230751,0.09465999319218099,51.88674330711365,0.7179200649261475,0.8873515762388706
neutral26.png,images/neutral/neutral26.png,neutral,neutral,success,0.13200413259069532,2.6069284103002057,1.5855995910645018,0.000714487720279672,92.47098654854457,5.2738767061486505e-06,3.2037578429272364
000166.jpg,images/neutral/000166.jpg,neutral,neutral,success,0.035900186048820615,2.8563745319843292,29.72310185432434,0.03905936318915337,66.59970879554749,3.006075943723374e-08,0.745862815529108
000172.jpg,images/neutral/000172.jpg,neutral,surprise,success,1.6055209562182426,0.036410047323442996,1.1993027292191982,80.83999752998352,0.0007800384082656819,0.007981150702107698,16.310010850429535
000158.jpg,images/neutral/000158.jpg,neutral,neutral,success,0.16407365910708904,2.7752332389354706,0.21473285742104053,0.0012665154827118386,92.32036471366882,0.0005961835086054634,4.523731395602226
000164.jpg,images/neutral/000164.jpg,neutral,neutral,success,0.006037149076927377,17.576483776988532,11.514228699895298,0.004099644741155648,40.857891338122926,0.0004964723165597939,30.040755267053214
neutral_250extra_0105.jpeg,images/neutral/neutral_250extra_0105.jpeg,neutral,neutral,success,0.00750765175325796,0.680058216676116,0.008112142677418888,0.07433752180077136,97.0358669757843,1.1913294795107277e-07,2.1941207349300385
neutral18.png,images/neutral/neutral18.png,neutral,neutral,success,6.791806221008301,9.026382863521576,3.80500890314579,0.041354779386892915,79.62799072265625,0.0007069683761073975,0.7067547179758549
neutral30.png,images/neutral/neutral30.png,neutral,neutral,success,0.36239561159163713,1.6107061877846718,0.2929269103333354,0.00012813202374672983,96.52296304702759,4.710478265224083e-05,1.2108382768929005
neutral24.png,images/neutral/neutral24.png,neutral,neutral,success,0.14929167227819562,6.527137011289597,4.882591590285301,0.005357709233066998,84.0999186038971,7.138208388823841e-05,4.335629940032959
000206.jpg,images/neutral/000206.jpg,neutral,neutral,success,1.1878560297191143,2.2264862433075905,0.0007381965133390622,4.086257945346006e-05,96.35435342788696,9.382054031448206e-05,0.23043532855808735
000038.jpg,images/neutral/000038.jpg,neutral,neutral,success,0.18735503545030951,0.05638340953737497,0.0007334888778132154,0.0007268756689882139,99.6747612953186,7.133649226886973e-09,0.08004169794730842
neutral_250extra_0092.jpg,images/neutral/neutral_250extra_0092.jpg,neutral,neutral,success,0.06349821342155337,5.1250360906124115,0.9822273626923561,0.0004235507731209509,93.63951683044434,1.3971616918961871e-08,0.18930400256067514
neutral_250extra_0086.jpg,images/neutral/neutral_250extra_0086.jpg,neutral,neutral,success,0.0537159535454782,3.659628922321136,2.674671235660984,0.00400861050612393,93.37336977561532,1.2604505746582061e-06,0.23460508325577278
neutral_250extra_0079.jpg,images/neutral/neutral_250extra_0079.jpg,neutral,neutral,success,0.05492977543315443,16.83801959979651,5.675617943740961,0.005241500860854103,76.53764346466323,6.907513195702254e-05,0.8884797402310216
neutral_250extra_0051.jpg,images/neutral/neutral_250extra_0051.jpg,neutral,neutral,success,0.19390584202483296,2.0806701853871346,0.6212550681084394,7.290897769962612e-05,97.04177975654602,4.161583522233059e-07,0.06231857114471495
neutral_250extra_0045.jpg,images/neutral/neutral_250extra_0045.jpg,neutral,neutral,success,0.003951006746258989,3.3209050190988196,0.19171310101602085,0.0012377443282428542,94.80143754490838,4.9696203183785084e-05,1.680708217961086
neutral_250extra_0044.jpg,images/neutral/neutral_250extra_0044.jpg,neutral,neutral,success,0.9151791222393513,9.10496935248375,9.355182200670242,0.037952838465571404,79.75836396217346,0.000697710720487521,0.8276550099253654
neutral_250extra_0050.jpg,images/neutral/neutral_250extra_0050.jpg,neutral,neutral,success,1.7789743038400592,25.94288146155366,4.068539534124108,0.020862142052666368,63.23703904372687,0.0006170105193054054,4.9510873079948015
neutral_250extra_0078.jpg,images/neutral/neutral_250extra_0078.jpg,neutral,neutral,success,4.868816176895052e-05,4.0030427277088165,0.5014942958950996,0.00011490133147162851,93.53769421577454,3.7691276766338433e-07,1.9576054066419601
neutral_250extra_0087.jpg,images/neutral/neutral_250extra_0087.jpg,neutral,neutral,success,41.995923757067175,0.924742704599226,0.24602453363234206,0.01159027880854503,55.74394532965962,5.622323832823933e-08,1.0777771826418856
neutral_250extra_0093.jpg,images/neutral/neutral_250extra_0093.jpg,neutral,neutral,success,0.015447050100192428,3.691185638308525,0.4436842631548643,8.803070272733748e-06,95.78705430030823,3.058229450930705e-10,0.06261959206312895
000039.jpg,images/neutral/000039.jpg,neutral,neutral,success,0.004640504266717471,0.2981020603328943,0.002717471943469718,3.089441236170387e-05,99.68532919883728,5.65582433317835e-10,0.009177006722893566
neutral25.png,images/neutral/neutral25.png,neutral,neutral,success,0.041085449629463255,13.158483803272247,15.40629267692566,0.04644629079848528,50.64377784729004,0.0003173378445353592,20.703595876693726
neutral19.png,images/neutral/neutral19.png,neutral,neutral,success,14.41296935081482,4.931430146098137,1.7968516796827316,0.007385711796814576,77.20535397529602,0.0017209664292749949,1.6442883759737015
000171.jpg,images/neutral/000171.jpg,neutral,sad,success,1.0387191906602311e-05,73.82329106330872,9.969031065702438,0.0020073095583938994,1.8461696803569794,0.0017820379071054049,14.357706904411316
000159.jpg,images/neutral/000159.jpg,neutral,neutral,success,0.06747297995562732,41.89059984031915,4.617253593638753,0.03859471410518671,52.23690582733785,0.42993903860086435,0.7192356009325743
000161.jpg,images/neutral/000161.jpg,neutral,neutral,success,4.273680360711296e-05,4.075976833701134,13.291595876216888,1.7472235464000008e-09,82.63237476348877,5.856235172896565e-19,1.2155075523878622e-05
neutral21.png,images/neutral/neutral21.png,neutral,neutral,success,0.16754704993218184,8.81781131029129,0.34546880051493645,0.4944585729390383,87.63355612754822,0.0001427656911801023,2.5410188362002373
neutral_250extra_0097.jpg,images/neutral/neutral_250extra_0097.jpg,neutral,neutral,success,0.795470132408746,0.4978665447453585,0.03474829925586577,0.027956238984315932,98.64110938555655,6.299217634383094e-08,0.002851188025356767
neutral_250extra_0083.jpg,images/neutral/neutral_250extra_0083.jpg,neutral,neutral,success,0.06747297995562732,41.89059984031915,4.617253593638753,0.03859471410518671,52.23690582733785,0.42993903860086435,0.7192356009325743
000029.jpg,images/neutral/000029.jpg,neutral,neutral,success,0.19390584202483296,2.0806701853871346,0.6212550681084394,7.290897769962612e-05,97.04177975654602,4.161583522233059e-07,0.06231857114471495
neutral_250extra_0054.jpg,images/neutral/neutral_250extra_0054.jpg,neutral,sad,success,0.1539808207701636,57.35102041667822,6.917505378574454,0.10363057407770003,28.261061207119297,0.00799627061864484,7.20480574398075
neutral_250extra_0040.jpg,images/neutral/neutral_250extra_0040.jpg,neutral,neutral,success,0.07519348739868327,0.24128220085246568,0.0051871530922155806,0.0003181643213349316,99.24949999150634,1.672782123714807e-07,0.42851988917707734
neutral_250extra_0068.jpg,images/neutral/neutral_250extra_0068.jpg,neutral,neutral,success,0.43385771826551667,9.593371128640838,0.8295542123648055,0.0013274563452761678,89.1029828252186,8.302874261186996e-06,0.038898243791877854
neutral_250extra_0069.jpg,images/neutral/neutral_250extra_0069.jpg,neutral,neutral,success,0.008305280789500102,0.6133629474788904,0.06977702141739428,1.1124513576987738e-05,99.29982423782349,1.2884344632868583e-09,0.008722156781004742
neutral_250extra_0041.jpg,images/neutral/neutral_250extra_0041.jpg,neutral,neutral,success,0.016395711281802505,2.3535022512078285,0.4841641057282686,0.0034644854167709127,94.95629072189331,3.560038486227768e-07,2.186180464923382
neutral_250extra_0055.jpg,images/neutral/neutral_250extra_0055.jpg,neutral,neutral,success,0.006832887447671965,21.85930907726288,5.101241543889046,9.063475579023361,32.38172233104706,4.956852706072823e-07,31.587418913841248
000028.jpg,images/neutral/000028.jpg,neutral,fear,success,2.643030323088169,8.147572726011276,0.9930456057190895,0.05057577509433031,23.70494306087494,0.011453677143435925,64.44937586784363
neutral_250extra_0082.jpg,images/neutral/neutral_250extra_0082.jpg,neutral,angry,success,0.011116436508018523,20.240993797779083,46.14572525024414,0.0007144472874642815,30.72282075881958,0.000980902768787928,2.8776485472917557
neutral_250extra_0096.jpg,images/neutral/neutral_250extra_0096.jpg,neutral,angry,success,8.200345933437347,0.002737397880991921,91.7946457862854,1.2818982224186478e-12,8.524191130732106e-07,2.873283035109697e-09,0.0022699974579154514
000216.jpg,images/neutral/000216.jpg,neutral,neutral,success,0.003951006746258989,3.3209050190988196,0.19171310101602085,0.0012377443282428542,94.80143754490838,4.9696203183785084e-05,1.680708217961086
neutral20.png,images/neutral/neutral20.png,neutral,neutral,success,0.051094277296215296,4.52226959168911,1.5097038820385933,0.007233328506117687,89.3444836139679,1.1724630155640625e-05,4.565202444791794
000162.jpg,images/neutral/000162.jpg,neutral,neutral,success,0.24748803116381168,6.5995581448078156,11.037936806678772,0.0006706388830934884,82.08354115486145,1.8283791147766237e-07,0.03080220485571772
neutral22.png,images/neutral/neutral22.png,neutral,neutral,success,7.071112096309662,6.229226291179657,0.5427052732557058,0.09949004743248224,44.4871723651886,0.0014850247680442408,41.56881272792816
neutral_250extra_0080.jpg,images/neutral/neutral_250extra_0080.jpg,neutral,neutral,success,17.776411771774292,0.1040842616930604,0.016022249474190176,0.0006309141099336557,82.10240006446838,1.2048344093240626e-09,0.00045352553570410237
neutral_250extra_0094.jpg,images/neutral/neutral_250extra_0094.jpg,neutral,neutral,success,7.5511254370212555,0.4299173131585121,0.3070236649364233,0.005478027378558181,87.60645389556885,8.449199562221565e-07,4.100002720952034
neutral_250extra_0043.jpg,images/neutral/neutral_250extra_0043.jpg,neutral,happy,success,78.34485431374856,7.680399545383508,5.561389856172817,0.00011644937989035214,8.413126806840085,2.491193620846179e-07,0.00010737584118581594
neutral_250extra_0057.jpg,images/neutral/neutral_250extra_0057.jpg,neutral,neutral,success,0.037671340396627784,16.694432497024536,12.611743807792664,0.00029219891075626947,69.63346004486084,5.417030823906543e-07,1.0224001482129097
neutral_250extra_0056.jpg,images/neutral/neutral_250extra_0056.jpg,neutral,neutral,success,0.07519348739868327,0.24128220085246568,0.0051871530922155806,0.0003181643213349316,99.24949999150634,1.672782123714807e-07,0.42851988917707734
neutral_250extra_0042.jpg,images/neutral/neutral_250extra_0042.jpg,neutral,neutral,success,1.1918485087747399e-07,0.008588925265939906,1.6488043286244647e-05,0.00031086603939911583,99.98775720596313,3.3107305138671444e-15,0.0033278698538197204
neutral_250extra_0095.jpg,images/neutral/neutral_250extra_0095.jpg,neutral,neutral,success,11.857709957088227,6.911341924827329,1.9408068139322774,0.7200388630525902,71.33136049882894,0.004177889920906079,7.23456752116293
neutral_250extra_0081.jpg,images/neutral/neutral_250extra_0081.jpg,neutral,neutral,success,4.273680360711296e-05,4.075976833701134,13.291595876216888,1.7472235464000008e-09,82.63237476348877,5.856235172896565e-19,1.2155075523878622e-05
000229.jpg,images/neutral/000229.jpg,neutral,neutral,success,0.7201020140200853,0.11389849241822958,0.0015952691683196463,0.005770025018136948,99.14358258247375,1.4484805715975213e-09,0.015050108777359128
000215.jpg,images/neutral/000215.jpg,neutral,neutral,success,6.225466364639942e-06,1.724151335656643,3.165207803249359,5.7092847116635426e-08,93.93602013587952,1.9578585280788374e-09,1.1746141128242016
000201.jpg,images/neutral/000201.jpg,neutral,fear,success,0.038506483542732894,11.239101737737656,0.30368028674274683,0.03932683612219989,22.52403199672699,0.00977296513156034,65.84558486938477
neutral23.png,images/neutral/neutral23.png,neutral,neutral,success,0.7312491595746089,0.3687504006549238,0.011006192068995363,0.0033268657388735427,98.6219109747516,2.0888996928937235e-07,0.26375163927654754
000177.jpg,images/neutral/000177.jpg,neutral,surprise,success,5.01643057759793e-05,0.00017686891169432783,0.0007660243682039436,99.8206615447998,1.2028190943258465e-08,9.210322608754762e-10,0.17834693426266313
000152.jpg,images/disgust/000152.jpg,disgust,angry,success,2.1702781793919712e-05,5.419857427477837,90.77242016792297,0.00043802897380373906,0.0673861475661397,0.08589484496042132,3.653986006975174
disgust_250extra_0073.jpg,images/disgust/disgust_250extra_0073.jpg,disgust,angry,success,0.010330900001505017,10.5398497307211,73.45532020660163,0.058796848182564865,15.769071326796492,0.0027829831946160873,0.16385117591030454
000146.jpg,images/disgust/000146.jpg,disgust,angry,success,6.056418288765728e-05,0.0034557240242532685,99.9795377278879,8.158790643038622e-05,1.872312002062537e-05,0.011864622542707542,0.004975772524463122
disgust_250extra_0067.jpg,images/disgust/disgust_250extra_0067.jpg,disgust,angry,success,1.7545282875353512e-06,0.0009730166562214792,99.99825954416508,1.163086548056599e-05,1.3033282319427944e-05,1.4051534945349693e-06,0.0007463308500728792
disgust16.png,images/disgust/disgust16.png,disgust,sad,success,0.06765598081983626,52.230435609817505,1.2479539960622787,4.035386425016441e-06,1.2217438779771328,0.2188871381804347,45.013317465782166
000033.jpg,images/disgust/000033.jpg,disgust,angry,success,0.011736158166186998,8.665835628857351,51.68514559776459,0.02012329616154633,0.43564841885259264,2.421044702592176,36.7604665017406
000027.jpg,images/disgust/000027.jpg,disgust,neutral,success,8.088019285423798e-05,1.6978779493470597e-07,6.9307212746672064e-09,1.9453165744920398e-07,99.99991655349731,4.1398879781722745e-28,1.6033218155908635e-09
disgust_extra_0008.jpg,images/disgust/disgust_extra_0008.jpg,disgust,disgust,success,3.0318306381667703e-05,1.4278608534799988,1.097763757674246,0.013198074766571102,0.0010443429010737301,79.4784927989849,17.98160904865157
000219.jpg,images/disgust/000219.jpg,disgust,happy,success,87.16126603849328,0.007185680143193834,9.915231014205874,1.4063325617511608,0.016925422377630166,1.7215037930770962e-10,1.493058070126657
disgust17.png,images/disgust/disgust17.png,disgust,angry,success,0.0001787999380536944,0.0778508465410288,98.41865878327593,0.009113319897097487,0.011671486508753406,1.0344196412765552,0.44810940265469584
disgust_250extra_0066.jpg,images/disgust/disgust_250extra_0066.jpg,disgust,fear,success,0.09585652151145041,19.131845235824585,0.7252566516399384,0.007431767153320834,8.383342623710632,0.07725991308689117,71.57900333404541
000147.jpg,images/disgust/000147.jpg,disgust,angry,success,0.046827850508470895,0.37924032522622647,95.69783159468551,0.07583700093173992,0.02649975674410245,3.2598771315666593,0.5138870941265934
disgust_250extra_0072.jpg,images/disgust/disgust_250extra_0072.jpg,disgust,neutral,success,3.3334269871202724,0.232482440995283,1.415228395583821,6.60306148758857e-05,95.01783907200824,1.1780521333522202e-09,0.0009526075474603418
000179.jpg,images/disgust/000179.jpg,disgust,disgust,success,0.7248434305377686,4.009269445029563,25.731727393659664,0.5987419498721421,2.0328144913536916,40.66169969300035,26.240902991187216
disgust15.png,images/disgust/disgust15.png,disgust,happy,success,83.62233638763428,1.4396274462342262,0.15658304328098893,1.631125994026661,12.363357096910477,0.009043401951203123,0.7779293693602085
000019.jpg,images/disgust/000019.jpg,disgust,disgust,success,3.0318306381667703e-05,1.4278608534799988,1.097763757674246,0.013198074766571102,0.0010443429010737301,79.4784927989849,17.98160904865157
disgust_extra_0022.jpg,images/disgust/disgust_extra_0022.jpg,disgust,angry,success,0.011736158166186998,8.665835628857351,51.68514559776459,0.02012329616154633,0.43564841885259264,2.421044702592176,36.7604665017406
000025.jpg,images/disgust/000025.jpg,disgust,happy,success,89.02360796928406,0.27214072179049253,0.15726034762337804,0.0015235501450661104,10.2337047457695,3.309244505089737e-05,0.31172684393823147
000232.jpg,images/disgust/000232.jpg,disgust,sad,success,0.013856167788617313,62.891024351119995,8.357816341231228e-05,6.141659980585246e-06,0.8138454519212246,1.1310016291565805e-09,36.28118634223938
disgust14.png,images/disgust/disgust14.png,disgust,angry,success,9.870256189937408e-06,0.29705794344043057,99.05199993276595,0.015861556020359668,0.0017542035765718276,0.062224311255581526,0.5710927984676121
disgust_250extra_0065.jpg,images/disgust/disgust_250extra_0065.jpg,disgust,disgust,success,0.7248434305377686,4.009269445029563,25.731727393659664,0.5987419498721421,2.0328144913536916,40.66169969300035,26.240902991187216
disgust_250extra_0059.jpg,images/disgust/disgust_250extra_0059.jpg,disgust,disgust,success,0.0013263869732327294,0.13630233006551862,22.400343418121338,1.3926378451287746,0.0019609517039498314,72.94976711273193,3.117660991847515
disgust_250extra_0061.jpg,images/disgust/disgust_250extra_0061.jpg,disgust,sad,success,0.001384785082336748,55.60290217399597,23.243340849876404,0.013849997776560485,6.918436288833618,0.3172429744154215,13.902845978736877
000154.jpg,images/disgust/000154.jpg,disgust,angry,success,0.009488957584835589,15.447288751602173,54.250121116638184,0.008532348147127777,29.860511422157288,0.13355776900425553,0.2905054250732064
000034.jpg,images/disgust/000034.jpg,disgust,angry,success,0.0006265350748435594,1.665915921330452,68.69127154350281,7.694884389638901,0.013387289072852582,0.37116215098649263,21.5627521276474
000021.jpg,images/disgust/000021.jpg,disgust,angry,success,0.0062570972476075895,13.965175871232049,85.20932969935778,0.053287168898845445,0.277378865979151,0.004955467875767603,0.48361480058851236
000035.jpg,images/disgust/000035.jpg,disgust,happy,success,68.04912901510346,0.7676154358822627,3.067303628302053,0.3921182827941516,1.0710792030190472,5.415384371922538,21.237374393626975
disgust11.png,images/disgust/disgust11.png,disgust,sad,success,0.0036165052733849734,37.96258568763733,33.27607214450836,6.961157055229705e-05,28.10957431793213,8.653827876514697e-07,0.6480772979557514
000196.jpg,images/disgust/000196.jpg,disgust,fear,success,0.00162213127623545,0.006746027065673843,0.03148828400298953,6.3669003546237946,4.835794698010432e-06,3.197694886658553e-08,93.5932457447052
000182.jpg,images/disgust/000182.jpg,disgust,disgust,success,7.489274924751694e-09,0.0014931217245732343,0.522294578540002,0.0005637623753016041,2.033905112324651e-05,99.47460290638226,0.001022605435553005
disgust_250extra_0074.jpg,images/disgust/disgust_250extra_0074.jpg,disgust,fear,success,0.0007575314150846294,7.472653087693821,0.05735487895219075,8.664366968701786e-06,0.010857466825755084,2.419689981505694e-06,92.4583664486845
000143.jpg,images/disgust/000143.jpg,disgust,angry,success,5.399712430403773e-05,0.249425872194819,99.17783136235663,0.016492137620688237,0.27796865235082224,0.274333700125438,0.0038938355420999925
disgust13.png,images/disgust/disgust13.png,disgust,angry,success,1.0885579958353206e-06,3.172401716995444,95.60685105405463,0.003233031405907143,0.01990577821660751,0.15293389519261064,1.0446745285003816
000209.jpg,images/disgust/000209.jpg,disgust,fear,success,0.019072203985993803,8.038636031069519,1.4682409297371464,0.00032467609915145005,0.8579530333252569,0.976567587349867,88.63920501704246
000023.jpg,images/disgust/000023.jpg,disgust,neutral,success,0.03615762398112565,3.649787977337837,20.90955674648285,0.49432646483182907,70.28905749320984,0.0024960600057966076,4.618622362613678
disgust12.png,images/disgust/disgust12.png,disgust,sad,success,5.2029153866699404e-05,60.15978814123798,16.598076617603102,5.826118957038972e-06,22.935548301669854,0.007153532050155151,0.2993784324826856
000181.jpg,images/disgust/000181.jpg,disgust,angry,success,1.7545282875353512e-06,0.0009730166562214792,99.99825954416508,1.163086548056599e-05,1.3033282319427944e-05,1.4051534945349693e-06,0.0007463308500728792
000195.jpg,images/disgust/000195.jpg,disgust,fear,success,0.0007575314150846294,7.472653087693821,0.05735487895219075,8.664366968701786e-06,0.010857466825755084,2.419689981505694e-06,92.4583664486845
000119.jpg,images/disgust/000119.jpg,disgust,disgust,success,4.5708114968369654e-08,0.0001043860844966665,0.4674848726373759,0.0018817765946080014,4.220405362034913e-08,99.48981398222612,0.04071209890409248
disgust_250extra_0038.jpg,images/disgust/disgust_250extra_0038.jpg,disgust,angry,success,9.18131318185855e-05,1.0170549760493621,52.221390737378044,0.011247239251223683,0.11380823076118414,46.25593699550253,0.3804770525084169
000131.jpg,images/disgust/000131.jpg,disgust,happy,success,99.92563128471375,0.001576770591782406,0.00055940804486454,0.03412624355405569,0.009085697092814371,9.084495308786522e-10,0.029020325746387243
disgust_250extra_0004.jpg,images/disgust/disgust_250extra_0004.jpg,disgust,disgust,success,0.00021107959795097026,0.21013833871324794,28.802045726532253,0.36341850970166806,0.028051581032944497,70.42657489459813,0.16955557819165848
000086.jpg,images/disgust/000086.jpg,disgust,fear,success,0.6108033936470747,22.194865345954895,0.8231278508901596,0.0039005797589197755,24.773739278316498,0.18494874238967896,51.408618688583374
000093.jpg,images/disgust/000093.jpg,disgust,neutral,success,0.4855375095032161,24.792128788955736,2.2586367507956475,0.21660566689703864,70.32167734632954,0.020999858476213128,1.904412099982029
000050.jpg,images/disgust/000050.jpg,disgust,angry,success,1.6878175289683495e-10,0.0015416131645906717,99.98751878738403,3.5545205667730784e-09,3.505821188909408e-08,9.545751709083561e-05,0.010844735516002402
000044.jpg,images/disgust/000044.jpg,disgust,sad,success,0.001384785082336748,55.60290217399597,23.243340849876404,0.013849997776560485,6.918436288833618,0.3172429744154215,13.902845978736877
000078.jpg,images/disgust/000078.jpg,disgust,happy,success,99.9468743801117,0.002956094976980239,0.00044577059270523023,2.78353078433935e-10,0.029426542459987104,5.780828290016804e-11,0.020294179557822645
disgust_250extra_0039.jpg,images/disgust/disgust_250extra_0039.jpg,disgust,sad,success,0.2712719142436981,43.28221380710602,23.878681659698486,0.0005682758455805015,32.44490921497345,0.0014704753994010389,0.12088501825928688
disgust_250extra_0007.jpg,images/disgust/disgust_250extra_0007.jpg,disgust,sad,success,0.004792710751644336,99.09102320671082,0.15593107091262937,0.0003402450147405034,0.23530623875558376,0.00033037172215699684,0.5122785922139883
000132.jpg,images/disgust/000132.jpg,disgust,happy,success,86.94052022341015,0.6624744668587724,11.09388387762808,9.89559826443763e-08,0.22282585432832566,4.5994413799051215e-08,1.0802940178092728
000046.jpg,images/disgust/000046.jpg,disgust,disgust,success,0.014540305432249703,0.9848235863657491,16.156756441979834,2.2865266607371972,0.45117758423953247,62.357227521273195,17.748942345506865
000085.jpg,images/disgust/000085.jpg,disgust,angry,success,0.485968217253685,22.809940576553345,63.11207413673401,2.0431360229849815,3.26596237719059,0.24503690656274557,8.037882298231125
000053.jpg,images/disgust/000053.jpg,disgust,angry,success,0.13591537261645525,0.6248337403137993,96.16649196547365,8.693030609344616e-05,0.05940449647253794,2.4734799701909954e-06,3.0132562055282346
disgust_250extra_0012.jpg,images/disgust/disgust_250extra_0012.jpg,disgust,angry,success,1.1619167402386665,7.110057026147842,62.98786401748657,9.003804624080658,15.335600078105927,0.04403031198307872,4.3567270040512085
disgust_250extra_0006.jpg,images/disgust/disgust_250extra_0006.jpg,disgust,angry,success,0.0003700732115731789,0.7904127711303693,97.36050351622721,0.6653550477537541,0.0607098954594073,0.9024826416362907,0.22017107260501817
000095.jpg,images/disgust/000095.jpg,disgust,happy,success,99.92563128471375,0.001576770591782406,0.00055940804486454,0.03412624355405569,0.009085697092814371,9.084495308786522e-10,0.029020325746387243
000042.jpg,images/disgust/000042.jpg,disgust,disgust,success,1.5467426228710224e-07,0.0002738549710556981,0.7059728726744652,0.002068247522402089,1.3767172957201979e-07,99.21843409538269,0.0732475658878684
000134.jpg,images/disgust/000134.jpg,disgust,sad,success,0.00041499183280956504,90.02192139364226,0.3037954318469248,7.776731291131252e-05,0.3943684506424128,0.10930702417036603,9.170110920654425
disgust_250extra_0001.jpg,images/disgust/disgust_250extra_0001.jpg,disgust,disgust,success,4.935091518721522e-08,0.00010174887317426888,0.17472377389885627,0.001724575952741188,1.1701861289113873e-07,99.80010985136687,0.02334284939006191
000068.jpg,images/disgust/000068.jpg,disgust,angry,success,0.021475933667812953,12.948434001394034,71.71084622015402,2.2254592880059136,0.1115034783515658,4.696363768415002,8.28592156935673
000083.jpg,images/disgust/000083.jpg,disgust,fear,success,0.0001399510779265256,0.000349331412508036,0.025504239602014422,0.15486935153603554,1.308501396124484e-05,1.754776377538292e-05,99.81910586357117
000096.jpg,images/disgust/000096.jpg,disgust,angry,success,0.08303876384161413,17.636635899543762,73.37971329689026,0.33826299477368593,4.978558421134949,0.6762499455362558,2.9075440019369125
000069.jpg,images/disgust/000069.jpg,disgust,sad,success,0.00215927302633645,93.44786405563354,5.53772859275341,3.375160986252013e-05,0.02596491831354797,0.048006573342718184,0.9382443502545357
000055.jpg,images/disgust/000055.jpg,disgust,disgust,success,0.00028841258227004255,5.393054979211685,4.851897266733321,0.04967669384425209,0.00324587347262707,64.84857974631545,24.853260797650908
disgust_250extra_0014.jpg,images/disgust/disgust_250extra_0014.jpg,disgust,angry,success,0.26138913047397916,7.084836488058357,88.41339876731627,2.1743198760725386e-05,2.3453311529952976,3.39499892894903e-08,1.8950252991929828
000135.jpg,images/disgust/000135.jpg,disgust,disgust,success,3.0318306381667703e-05,1.4278608534799988,1.097763757674246,0.013198074766571102,0.0010443429010737301,79.4784927989849,17.98160904865157
000110.jpg,images/disgust/000110.jpg,disgust,angry,success,0.0007110335869568163,0.08204150851877084,98.36245169415783,0.02386459378975816,0.008236928751844392,0.9655966998992384,0.5570999213069631
disgust_250extra_0030.jpg,images/disgust/disgust_250extra_0030.jpg,disgust,disgust,success,1.515110170657863e-06,0.0034850891097448766,7.878990471363068,0.009086843783734366,1.8577722471491143e-06,91.56053066253662,0.5479010287672281
disgust_250extra_0026.jpg,images/disgust/disgust_250extra_0026.jpg,disgust,angry,success,1.334856530121358,7.535634639002957,73.81205402684533,0.10718777250500157,0.6574120298720616,1.1175055722895606,15.435350861272267
000067.jpg,images/disgust/000067.jpg,disgust,disgust,success,1.4246813185892917,4.253875329628547,16.850403922748097,0.17078412057797662,0.06768723026480016,68.1928434142061,9.039717580113699
000099.jpg,images/disgust/000099.jpg,disgust,disgust,success,0.0008010708893352288,0.15605607066561056,2.6869748867109213,0.00020531607821502212,0.00011560589221430133,87.28681575420184,9.869039333290935
disgust_250extra_0033.jpg,images/disgust/disgust_250extra_0033.jpg,disgust,disgust,success,4.935091518721522e-08,0.00010174887317426888,0.17472377389885627,0.001724575952741188,1.1701861289113873e-07,99.80010985136687,0.02334284939006191
disgust_250extra_0027.jpg,images/disgust/disgust_250extra_0027.jpg,disgust,angry,success,4.915833376102808e-07,0.481312059231155,94.18651530903395,0.0015715395366125175,0.035455018362736006,4.423112640009804,0.8720315884612098
000102.jpg,images/disgust/000102.jpg,disgust,disgust,success,0.001371107737213606,25.512519478797913,3.7742093205451965,0.001890359453682322,12.30275109410286,47.7209210395813,10.686337947845459
000076.jpg,images/disgust/000076.jpg,disgust,angry,success,2.0929374500155973e-05,0.039127617492340505,88.59618902206421,0.005345558383851312,7.971492550495896e-05,7.985182106494904,3.374049812555313
000088.jpg,images/disgust/000088.jpg,disgust,disgust,success,7.489274924751694e-09,0.0014931217245732343,0.522294578540002,0.0005637623753016041,2.033905112324651e-05,99.47460290638226,0.001022605435553005
000063.jpg,images/disgust/000063.jpg,disgust,angry,success,7.891466664250691,11.70437773518297,74.76722297277725,0.0004376129321452047,5.259867266996773,0.21143546520149292,0.16520002032220607
000103.jpg,images/disgust/000103.jpg,disgust,fear,success,0.06950341966334943,0.455901484605493,1.226324069342128,32.073839655656855,0.3002268369970516,0.037005440344385465,65.83719064746015
000115.jpg,images/disgust/000115.jpg,disgust,angry,success,1.334856530121358,7.535634639002957,73.81205402684533,0.10718777250500157,0.6574120298720616,1.1175055722895606,15.435350861272267
disgust_250extra_0034.jpg,images/disgust/disgust_250extra_0034.jpg,disgust,disgust,success,0.00021107959795097026,0.21013833871324794,28.802045726532253,0.36341850970166806,0.028051581032944497,70.42657489459813,0.16955557819165848
000101.jpg,images/disgust/000101.jpg,disgust,neutral,success,0.6291983649134636,2.623864822089672,16.089388728141785,6.434122679088716e-09,80.62623143196106,0.00016616697848803597,0.031148290145210922
000129.jpg,images/disgust/000129.jpg,disgust,neutral,success,10.453888773918152,3.4374933689832687,0.09560282924212515,0.031297284294851124,85.94819903373718,2.7360055554481733e-06,0.03351318009663373
disgust_250extra_0008.jpg,images/disgust/disgust_250extra_0008.jpg,disgust,disgust,success,3.0318306381667703e-05,1.4278608534799988,1.097763757674246,0.013198074766571102,0.0010443429010737301,79.4784927989849,17.98160904865157
000075.jpg,images/disgust/000075.jpg,disgust,disgust,success,2.717801766059244e-05,0.04110611135924025,1.4526884202434516,0.011698772929429137,0.002253637562363308,98.43861479298891,0.05360537268082825
000074.jpg,images/disgust/000074.jpg,disgust,angry,success,9.372087106385152e-06,0.37745158188045025,49.82287585735321,0.0005846385192853631,0.17476818757131696,49.513545632362366,0.11076601222157478
disgust_250extra_0009.jpg,images/disgust/disgust_250extra_0009.jpg,disgust,sad,success,0.1765985263533012,57.49185427974786,1.364479481546848,0.000737913931843584,10.356434306885857,2.1516851806043996e-06,30.609892643087665
000128.jpg,images/disgust/000128.jpg,disgust,neutral,success,2.2545617073774338,5.971916019916534,3.3518288284540176,3.281030058860779,79.2220950126648,0.05577742704190314,5.862794443964958
disgust_250extra_0035.jpg,images/disgust/disgust_250extra_0035.jpg,disgust,angry,success,0.0007110335869568163,0.08204150851877084,98.36245169415783,0.02386459378975816,0.008236928751844392,0.9655966998992384,0.5570999213069631
000167.jpg,images/disgust/000167.jpg,disgust,disgust,success,0.0013263869732327294,0.13630233006551862,22.400343418121338,1.3926378451287746,0.0019609517039498314,72.94976711273193,3.117660991847515
disgust_250extra_0046.jpg,images/disgust/disgust_250extra_0046.jpg,disgust,happy,success,91.09160900115967,0.0020295026843086816,9.284508450946305e-05,0.00017787867818697123,8.880767971277237,7.214449307055282e-11,0.025323935551568866
000205.jpg,images/disgust/000205.jpg,disgust,fear,success,0.9027683320961395,4.72304244018107,27.56300897157299,0.0010844787922404105,0.10410754552648015,31.191290162955543,35.51470762666555
000013.jpg,images/disgust/000013.jpg,disgust,fear,success,1.0952282281095904e-05,2.1573739126324654,15.48973023891449,4.055455082863091e-07,4.190538902548724e-05,0.09248250862583518,82.26035833358765
000012.jpg,images/disgust/000012.jpg,disgust,disgust,success,4.935091518721522e-08,0.00010174887317426888,0.17472377389885627,0.001724575952741188,1.1701861289113873e-07,99.80010985136687,0.02334284939006191
disgust_extra_0001.jpg,images/disgust/disgust_extra_0001.jpg,disgust,disgust,success,4.935091518721522e-08,0.00010174887317426888,0.17472377389885627,0.001724575952741188,1.1701861289113873e-07,99.80010985136687,0.02334284939006191
disgust_extra_0015.jpg,images/disgust/disgust_extra_0015.jpg,disgust,happy,success,97.92412507081777,0.0015500881105131833,0.20351394827001978,0.004362954028629752,1.8646043905380005,2.0619041037868532e-07,0.0018403922882607266
000166.jpg,images/disgust/000166.jpg,disgust,angry,success,0.005849921581102535,26.832902431488037,34.96581315994263,8.797824762041273e-05,0.0972659676335752,16.51344746351242,21.584628522396088
disgust_250extra_0053.jpg,images/disgust/disgust_250extra_0053.jpg,disgust,happy,success,78.93828624119081,0.0018786354513561064,20.890398078584557,0.0005325643404850203,0.16888832748760746,9.022622596997334e-10,1.952627971347671e-05
000172.jpg,images/disgust/000172.jpg,disgust,fear,success,0.0011132458648332258,13.911030525626572,22.410704041165353,0.0191276118617199,1.887716465456275,0.002563276182615362,61.76774869965009
disgust_250extra_0045.jpg,images/disgust/disgust_250extra_0045.jpg,disgust,angry,success,0.08303876384161413,17.636635899543762,73.37971329689026,0.33826299477368593,4.978558421134949,0.6762499455362558,2.9075440019369125
disgust_250extra_0051.jpg,images/disgust/disgust_250extra_0051.jpg,disgust,neutral,success,1.101152478227167,24.93781447039929,7.329776574955974,1.008434840049436,43.86410974646269,0.16388397010841788,21.59482965438543
disgust20.png,images/disgust/disgust20.png,disgust,angry,success,0.0019104762031929567,6.649722158908844,81.26322627067566,0.10753226233646274,0.05970970378257334,0.5287944339215755,11.389106512069702
000206.jpg,images/disgust/000206.jpg,disgust,happy,success,100.0,3.0001432653296856e-12,6.546918904356755e-12,8.151732761030317e-09,1.2832434004295123e-07,5.768669125473903e-28,5.156225716137868e-14
000038.jpg,images/disgust/000038.jpg,disgust,sad,success,0.07160512924617478,47.59113817320607,0.9744562909655224,0.004847039385539441,5.990339474041525,0.06276161709475611,45.304844343084774
disgust_extra_0017.jpg,images/disgust/disgust_extra_0017.jpg,disgust,sad,success,11.464238105072862,47.209280562953985,8.048612359083435,0.00024511254292855993,7.674307833570709,0.0026070343400120713,25.600709056896513
000207.jpg,images/disgust/000207.jpg,disgust,fear,success,5.98411893749946,0.39499450966683086,21.31606020427109,1.6942876469664363,2.9099222144438155,9.133914657468477,58.566698942583734
disgust21.png,images/disgust/disgust21.png,disgust,fear,success,0.06722248327195544,0.14416350445380832,27.98240053548816,0.3863175629864671,0.013635225417236264,33.16882152371535,38.23743690475445
disgust_250extra_0050.jpg,images/disgust/disgust_250extra_0050.jpg,disgust,fear,success,40.51461219787598,0.01424513611709699,12.065025418996811,1.198676535807408e-06,0.005960707858321257,3.2501878965973674e-08,47.400158643722534
disgust_250extra_0044.jpg,images/disgust/disgust_250extra_0044.jpg,disgust,fear,success,0.024261727230623364,0.452182674780488,3.566928580403328,42.51677095890045,0.17888324800878763,0.14156026300042868,53.119415044784546
000161.jpg,images/disgust/000161.jpg,disgust,angry,success,0.13591537261645525,0.6248337403137993,96.16649196547365,8.693030609344616e-05,0.05940449647253794,2.4734799701909954e-06,3.0132562055282346
disgust_250extra_0068.jpg,images/disgust/disgust_250extra_0068.jpg,disgust,disgust,success,7.489274924751694e-09,0.0014931217245732343,0.522294578540002,0.0005637623753016041,2.033905112324651e-05,99.47460290638226,0.001022605435553005
disgust19.png,images/disgust/disgust19.png,disgust,sad,success,19.331163982291695,41.581319759049386,12.763950260156424,0.0004118592223523701,26.11367119713678,1.6829971246750568e-05,0.20947216713096703
000015.jpg,images/disgust/000015.jpg,disgust,disgust,success,0.00021107959795097026,0.21013833871324794,28.802045726532253,0.36341850970166806,0.028051581032944497,70.42657489459813,0.16955557819165848
disgust_extra_0013.jpg,images/disgust/disgust_extra_0013.jpg,disgust,angry,success,0.26138913047397916,7.084836488058357,88.41339876731627,2.1743198760725386e-05,2.3453311529952976,3.39499892894903e-08,1.8950252991929828
000202.jpg,images/disgust/000202.jpg,disgust,happy,success,89.64233994483948,4.974667355418205,2.451762929558754,0.24765953421592712,0.7388151250779629,0.01874781883088872,1.926008053123951
disgust18.png,images/disgust/disgust18.png,disgust,angry,success,2.476100451488093e-05,0.009283460879667669,99.97976422551105,0.0006860863414415608,0.00041942016198459945,0.0008744986056424012,0.00893979634224071
disgust_250extra_0057.jpg,images/disgust/disgust_250extra_0057.jpg,disgust,angry,success,0.15188764728756515,12.239612607909752,46.72329684773646,0.0038670118618547157,40.36441032462243,0.001424466324085779,0.5155064780123804
disgust_extra_0004.jpg,images/disgust/disgust_extra_0004.jpg,disgust,disgust,success,0.00021107959795097026,0.21013833871324794,28.802045726532253,0.36341850970166806,0.028051581032944497,70.42657489459813,0.16955557819165848
000188.jpg,images/disgust/000188.jpg,disgust,neutral,success,3.3334269871202724,0.232482440995283,1.415228395583821,6.60306148758857e-05,95.01783907200824,1.1780521333522202e-09,0.0009526075474603418
disgust_250extra_0056.jpg,images/disgust/disgust_250extra_0056.jpg,disgust,disgust,success,1.8860330600119257e-05,0.25045058320168156,26.863731554969046,0.0003993476877182275,0.0863511224989517,72.71289662795643,0.08615386836589088
000146.jpg,images/fear/000146.jpg,fear,fear,success,0.004117626303923316,0.07044979138299823,0.4472130909562111,5.918597057461739,5.458623419940523e-06,0.0006290817509579938,93.55899691581726
000185.jpg,images/fear/000185.jpg,fear,surprise,success,0.0059244048316031694,0.01540748926345259,0.002085306005028542,92.56929159164429,1.3764824302597845e-05,9.698437608562926e-07,7.407280802726746
000218.jpg,images/fear/000218.jpg,fear,fear,success,2.049490803389097,16.309109266241062,10.420643166418643,2.717074306382115,0.0015968898096264744,0.05613469241919084,68.44595702516264
000230.jpg,images/fear/000230.jpg,fear,surprise,success,0.10149850277230144,1.2360644063846848e-05,0.00023789402803231496,88.98875713348389,6.607598582869523e-10,2.2439905489335388e-08,10.909495502710342
fear_250extra_0038.jpg,images/fear/fear_250extra_0038.jpg,fear,fear,success,0.004117626303923316,0.07044979138299823,0.4472130909562111,5.918597057461739,5.458623419940523e-06,0.0006290817509579938,93.55899691581726
000026.jpg,images/fear/000026.jpg,fear,fear,success,0.7491821461400812,0.07945774922092268,14.325392028642652,0.015544131349633622,2.5014230547035162e-05,0.002520768311658554,84.82787193919755
000032.jpg,images/fear/000032.jpg,fear,fear,success,0.0692054454702884,8.231879888853655e-06,0.005190799129195511,0.006092295370763168,1.1771969033250174e-11,5.1775661535913287e-08,99.91950392723083
000231.jpg,images/fear/000231.jpg,fear,surprise,success,0.0023460452212020755,0.02188266080338508,0.004679357152781449,58.99319052696228,3.291971211183409e-05,9.405071860202341e-09,40.97786843776703
000225.jpg,images/fear/000225.jpg,fear,fear,success,2.735242254914283e-06,3.1211843714118004,37.13340759277344,7.563364505767822,0.025577127235010266,1.788483672271468e-05,52.15644836425781
000219.jpg,images/fear/000219.jpg,fear,surprise,success,1.1422851997622274e-06,0.002439743548166007,0.004026072201668285,98.93503785133362,3.2021581830576906e-06,3.480898295299406e-10,1.0584980249404907
000186.jpg,images/fear/000186.jpg,fear,surprise,success,36.12029850482941,0.04938956699334085,0.046835452667437494,55.79941272735596,4.433240368962288,5.098586370877456e-05,3.550776094198227
000227.jpg,images/fear/000227.jpg,fear,fear,success,0.6739185127716371,4.423838744988367,6.201465424982633,33.2317401904905,0.0845275986099302,0.3563997082501476,55.02810806203533
fear_250extra_0007.jpg,images/fear/fear_250extra_0007.jpg,fear,fear,success,0.13833414996042848,3.781745955348015,0.3252789378166199,4.946567118167877,0.02072254428640008,0.03232199524063617,90.75502753257751
000019.jpg,images/fear/000019.jpg,fear,fear,success,0.8550458587706089,0.5841639824211597,18.5025617480278,24.9772772192955,0.000494474261358846,0.3450283780694008,54.73543405532837
000031.jpg,images/fear/000031.jpg,fear,fear,success,7.804267738720227e-05,2.342140135169757e-05,0.028678978560492396,5.2760573687749e-10,1.6310852679352755e-11,7.277150582162602e-13,99.97121691703796
000024.jpg,images/fear/000024.jpg,fear,fear,success,0.5654494278132915,0.35912343300879,0.009530086390441284,5.935942381620407,0.4293498583137989,1.749775293546918e-05,92.70058870315552
000018.jpg,images/fear/000018.jpg,fear,neutral,success,0.09531785035505891,2.5479909032583237,0.8405495434999466,0.19273932557553053,90.47931432723999,0.000227172040467849,5.843862146139145
000226.jpg,images/fear/000226.jpg,fear,fear,success,0.0037699474406211043,0.03715744172509412,1.05720857871822,1.879332699139875,0.0001445632933374327,12.243688091259484,84.77870135180362
000144.jpg,images/fear/000144.jpg,fear,fear,success,0.0036161373254682766,0.31481326571484003,0.6074950461086658,0.1326236487253695,0.05920688625354387,0.024463144657799283,98.85777824269404
000178.jpg,images/fear/000178.jpg,fear,fear,success,0.002232010774605442,4.463928192853928,0.27417936362326145,0.662607979029417,0.0003560796812962508,0.002324893830518704,94.59437131881714
000168.jpg,images/fear/000168.jpg,fear,fear,success,1.3374334067066553,0.16758142572381649,1.6359063840452661,36.393272065715315,0.00017437745230199718,0.04079242596469378,60.42484405188823
000183.jpg,images/fear/000183.jpg,fear,fear,success,0.0006651941021118546,0.5664145573973656,0.024327255960088223,0.3824687795713544,5.436015371174108e-06,1.0612490797257124e-05,99.02611374855042
fear_250extra_0016.jpg,images/fear/fear_250extra_0016.jpg,fear,fear,success,0.8550458587706089,0.5841639824211597,18.5025617480278,24.9772772192955,0.000494474261358846,0.3450283780694008,54.73543405532837
fear_250extra_0002.jpg,images/fear/fear_250extra_0002.jpg,fear,fear,success,0.06978381175331035,0.07755557547592216,2.3487507359682636,3.1153146189076164,9.919214266554376e-08,0.0044379523554277595,94.38414640615625
000009.jpg,images/fear/000009.jpg,fear,surprise,success,0.0013864273569197394,0.07379742455668747,0.9557759389281273,53.564804792404175,2.538509420446644e-05,6.787892026238751e-07,45.40421664714813
000035.jpg,images/fear/000035.jpg,fear,surprise,success,0.0013019436664762907,0.0036755962355528027,0.000760996772442013,51.36648416519165,2.0300483516422219e-07,1.3346428129334953e-08,48.62777590751648
000141.jpg,images/fear/000141.jpg,fear,surprise,success,1.8468043094799214e-06,3.9359827042062534e-05,4.568533051863e-09,96.73773646354675,7.358079701091924e-08,3.318788527408542e-18,3.2622236758470535
000157.jpg,images/fear/000157.jpg,fear,fear,success,0.0006575614077629426,1.7265171765774908e-05,4.065381999355168e-05,0.0012254534698307568,1.1394622080897777e-08,4.985943871536468e-16,99.99805688881196
000194.jpg,images/fear/000194.jpg,fear,surprise,success,1.7929725348949432,1.0887045413255692,0.23209154605865479,63.59302997589111,0.12216580798849463,0.02788359415717423,33.143150806427
000180.jpg,images/fear/000180.jpg,fear,fear,success,4.794052243232727,1.1576761491596699,0.4322262015193701,29.57763671875,0.09414429659955204,0.16404656926169991,63.78021836280823
000221.jpg,images/fear/000221.jpg,fear,fear,success,0.03391499833255996,0.4986135120608516,25.87015783012854,0.01032433199417521,0.004899903361656531,0.003368891176054287,73.57872567050013
000235.jpg,images/fear/000235.jpg,fear,fear,success,0.38085293490439653,23.184247314929962,3.4577161073684692,0.1214757445268333,6.876002997159958,0.0014006627679918893,65.97830057144165
000209.jpg,images/fear/000209.jpg,fear,fear,success,0.012715195073999916,3.2058820444041756e-05,0.009430243351762718,16.86082582836305,2.308320616791781e-08,1.0049412422523352e-09,83.1170012424589
fear_250extra_0001.jpg,images/fear/fear_250extra_0001.jpg,fear,fear,success,2.735242254914283e-06,3.1211843714118004,37.13340759277344,7.563364505767822,0.025577127235010266,1.788483672271468e-05,52.15644836425781
000023.jpg,images/fear/000023.jpg,fear,fear,success,1.3374334067066553,0.16758142572381649,1.6359063840452661,36.393272065715315,0.00017437745230199718,0.04079242596469378,60.42484405188823
000037.jpg,images/fear/000037.jpg,fear,fear,success,0.00028701185783575056,3.313006402549945e-05,2.554716083125186e-06,4.551083594560623,1.189434755133334e-05,2.349873107107244e-13,95.44858932495117
fear_250extra_0028.jpg,images/fear/fear_250extra_0028.jpg,fear,fear,success,0.002232010774605442,4.463928192853928,0.27417936362326145,0.662607979029417,0.0003560796812962508,0.002324893830518704,94.59437131881714
fear_250extra_0014.jpg,images/fear/fear_250extra_0014.jpg,fear,fear,success,5.701015654955405e-05,2.2216478806096065e-05,2.4139791285914977e-06,23.631443246430965,2.563766892913073e-07,3.6922740795710044e-15,76.36847181696035
000220.jpg,images/fear/000220.jpg,fear,fear,success,0.0004163700850767782,18.237584829330444,2.4336185306310654,1.9281274887816835e-05,0.6904383655637503,5.805042064821464e-05,78.63786816596985
000181.jpg,images/fear/000181.jpg,fear,fear,success,0.025475665461272,11.254608631134033,0.001196174525830429,0.0002240025878563756,19.109967350959778,4.2054948933001324e-10,69.60852146148682
000195.jpg,images/fear/000195.jpg,fear,surprise,success,0.029662742184862027,0.002924504762322926,0.00034457359341283795,54.66738669081847,0.02071237664259235,2.1966929585715614e-09,45.278972105918655
000045.jpg,images/fear/000045.jpg,fear,fear,success,0.011585184947077033,13.43614688135069,0.9348583033596458,1.5591377390407168,3.414664993564188,1.1551365944824572,79.48846694758338
000050.jpg,images/fear/000050.jpg,fear,fear,success,0.023411837173625827,0.7961118593811989,0.45530633069574833,8.317982405424118,0.0010558395842963364,0.0003703469246829627,90.40576219558716
000044.jpg,images/fear/000044.jpg,fear,fear,success,0.01502242845983323,0.08343179773471328,2.888164827306846,0.4100456391329335,0.0011423453995389502,1.3524700637126046,95.2497238218455
fear_250extra_0066.jpg,images/fear/fear_250extra_0066.jpg,fear,fear,success,0.025475665461272,11.254608631134033,0.001196174525830429,0.0002240025878563756,19.109967350959778,4.2054948933001324e-10,69.60852146148682
000246.jpg,images/fear/000246.jpg,fear,fear,success,0.07093302556313574,0.017043678963091224,4.759033060963702e-05,0.033169001108035445,0.03414094389881939,7.029846149642083e-09,99.84466433525085
000130.jpg,images/fear/000130.jpg,fear,fear,success,0.019008012085197916,0.0015913361416281888,0.09659865767263977,1.1207767357496339,5.235497100123143e-06,2.3876311412763343e-06,98.76201763605862
000118.jpg,images/fear/000118.jpg,fear,surprise,success,0.10853902203962207,0.00046836207729938906,0.00021171520074858563,83.16743969917297,3.0944576678848534e-05,1.1715304223144755e-12,16.72331392765045
000250.jpg,images/fear/000250.jpg,fear,fear,success,0.019008012085197916,0.0015913361416281888,0.09659865767263977,1.1207767357496339,5.235497100123143e-06,2.3876311412763343e-06,98.76201763605862
000127.jpg,images/fear/000127.jpg,fear,fear,success,0.02966475731227547,1.4331932085553944e-06,0.3953678999096155,0.07135892519727349,2.201991193551134e-09,2.0231982755802846e-09,99.50360655784607
000123.jpg,images/fear/000123.jpg,fear,fear,success,36.98016703128815,0.29197593685239553,0.00896326164365746,0.23298729211091995,0.20174379460513592,9.388642752128362e-05,62.28407025337219
000241.jpg,images/fear/000241.jpg,fear,surprise,success,2.994780956555587e-06,0.002232925544376485,6.180899845276144e-05,96.48258686065674,1.7534303869970458e-09,4.022086398609631e-13,3.5151202231645584
fear_250extra_0061.jpg,images/fear/fear_250extra_0061.jpg,fear,fear,success,6.33934588305305,7.667198201083923,0.6236253118366375,13.588045667176923,34.507561863370164,0.0010332391279268623,37.273190888546814
000043.jpg,images/fear/000043.jpg,fear,fear,success,0.6739185127716371,4.423838744988367,6.201465424982633,33.2317401904905,0.0845275986099302,0.3563997082501476,55.02810806203533
fear_250extra_0048.jpg,images/fear/fear_250extra_0048.jpg,fear,fear,success,0.016038613102864474,2.2126570343971252,0.2239961177110672,28.415638208389282,0.028197892243042588,0.00011213105608476326,69.1033661365509
000120.jpg,images/fear/000120.jpg,fear,fear,success,0.0006651941021118546,0.5664145573973656,0.024327255960088223,0.3824687795713544,5.436015371174108e-06,1.0612490797257124e-05,99.02611374855042
fear_250extra_0062.jpg,images/fear/fear_250extra_0062.jpg,fear,fear,success,0.0006651941021118546,0.5664145573973656,0.024327255960088223,0.3824687795713544,5.436015371174108e-06,1.0612490797257124e-05,99.02611374855042
000040.jpg,images/fear/000040.jpg,fear,sad,success,0.20701675536283787,91.12714038763757,1.20006692259706,8.100841058154911e-05,0.2555911357368665,0.0014329318329898877,7.208662365834431
000068.jpg,images/fear/000068.jpg,fear,fear,success,4.31089739780686e-05,0.007926806792040606,0.04388979228017238,1.3932772710355843,6.314875487028573e-08,0.00015749925127578706,98.55470640119391
000083.jpg,images/fear/000083.jpg,fear,fear,success,0.09902444435283542,0.26477971114218235,1.442872080951929,22.873497009277344,0.057973130606114864,8.980937593605631e-06,75.26184320449829
000055.jpg,images/fear/000055.jpg,fear,fear,success,0.1518980923308785,30.210648787656353,15.274434702064676,8.36535071524088,13.802047896507258,0.14588609043202344,32.04973531065794
000041.jpg,images/fear/000041.jpg,fear,angry,success,0.011415919194684977,0.9470960323030987,84.62647016363981,0.0006706008552073356,0.039504487702226664,8.619028226087964e-05,14.374760016770365
fear_250extra_0063.jpg,images/fear/fear_250extra_0063.jpg,fear,fear,success,0.026187923504039645,0.0024897619368857704,0.4106785636395216,0.02149665670003742,1.7653110973014918e-06,1.9108009041701735e-05,99.53912496566772
000243.jpg,images/fear/000243.jpg,fear,fear,success,1.4028239254267305,0.4164257987379076,0.14201522043165918,19.980167450884885,17.54055708163296,8.21260330649935e-06,60.517995295763576
000121.jpg,images/fear/000121.jpg,fear,surprise,success,0.2752532648073593,4.535179613496922e-06,1.1674233476317171e-05,99.69921706314189,0.00013967025702498172,1.4662202600795993e-13,0.02537424885570251
000135.jpg,images/fear/000135.jpg,fear,fear,success,0.013344265015857221,0.09133963537539666,0.012130245877356708,0.2075802782273624,0.00010168746560191675,1.6065388713801784e-07,99.67550631469564
000110.jpg,images/fear/000110.jpg,fear,fear,success,0.13833414996042848,3.781745955348015,0.3252789378166199,4.946567118167877,0.02072254428640008,0.03232199524063617,90.75502753257751
000064.jpg,images/fear/000064.jpg,fear,fear,success,4.0995542739320983e-07,2.631294471218733e-09,6.810283943030999e-06,0.09360749366775117,2.258857857497295e-13,8.842575568931427e-14,99.90638493933588
000059.jpg,images/fear/000059.jpg,fear,fear,success,0.0010351778655603994,0.008308370888698846,0.051690678810700774,2.096928469836712,0.00021256671516312053,6.709727813358768e-05,97.84175753593445
fear_250extra_0053.jpg,images/fear/fear_250extra_0053.jpg,fear,fear,success,0.06978381175331035,0.07755557547592216,2.3487507359682636,3.1153146189076164,9.919214266554376e-08,0.0044379523554277595,94.38414640615625
000105.jpg,images/fear/000105.jpg,fear,surprise,success,0.00011971592357440386,8.070740165067036e-06,0.07425516378134489,74.84541535377502,5.1363622333155945e-05,2.1481113776644634e-06,25.08014738559723
000139.jpg,images/fear/000139.jpg,fear,neutral,success,7.722676545381546,4.724101349711418,3.299989178776741,3.360270708799362,80.63427209854126,1.198515491296348e-05,0.2586804796010256
000113.jpg,images/fear/000113.jpg,fear,fear,success,0.0005244294555896056,1.3166056799355554,0.007057645837021371,36.58482650427976,0.15279456021157267,8.541066696726748e-08,61.938188191544306
fear_250extra_0051.jpg,images/fear/fear_250extra_0051.jpg,fear,fear,success,1.3374334067066553,0.16758142572381649,1.6359063840452661,36.393272065715315,0.00017437745230199718,0.04079242596469378,60.42484405188823
fear_250extra_0045.jpg,images/fear/fear_250extra_0045.jpg,fear,fear,success,0.13833414996042848,3.781745955348015,0.3252789378166199,4.946567118167877,0.02072254428640008,0.03232199524063617,90.75502753257751
000073.jpg,images/fear/000073.jpg,fear,fear,success,0.10321796322795529,0.0292787549540776,0.33579482370137115,44.03693044405761,0.009458953554623785,9.410428553312018e-05,55.48522803099323
000067.jpg,images/fear/000067.jpg,fear,fear,success,3.9469946175813675,6.257157772779465,1.1163156479597092,1.0450608097016811,13.456961512565613,0.03755528014153242,74.13995265960693
000072.jpg,images/fear/000072.jpg,fear,fear,success,8.005232920993421e-07,0.11466076830402017,0.00020307675185904372,0.32444195821881294,4.964228423887107e-05,1.3072819493586962e-07,99.56064820289612
000106.jpg,images/fear/000106.jpg,fear,surprise,success,0.3402289003133774,0.0022337408154271543,0.0015852137948968448,78.00300717353821,0.00025492549866612535,4.3910960479710825e-11,21.652689576148987
000116.jpg,images/fear/000116.jpg,fear,fear,success,0.00023644185193502672,47.266733483477445,9.42761857263432e-05,0.038317648533107256,0.006940461439489882,7.442971595387821e-15,52.687677901248804
000248.jpg,images/fear/000248.jpg,fear,neutral,success,0.04659898113459349,25.266173481941223,2.6252293959259987,5.445543820314924e-05,71.94888591766357,0.00018580710730020655,0.11287052184343338
fear_250extra_0054.jpg,images/fear/fear_250extra_0054.jpg,fear,fear,success,0.023411837173625827,0.7961118593811989,0.45530633069574833,8.317982405424118,0.0010558395842963364,0.0003703469246829627,90.40576219558716
fear_250extra_0040.jpg,images/fear/fear_250extra_0040.jpg,fear,surprise,success,6.934531597835303e-05,2.050716057419777,0.19296668469905853,93.3206558227539,0.0154567722347565,1.2003678433181175e-09,4.4201381504535675
000076.jpg,images/fear/000076.jpg,fear,fear,success,0.0022036711015971377,0.04411648551467806,0.029388529947027564,12.180854380130768,0.01246168976649642,1.665956261831525e-09,87.73096799850464
000062.jpg,images/fear/000062.jpg,fear,surprise,success,28.847241401672363,0.2585086738690734,0.024679163470864296,40.860316157341,0.010770033986773342,7.79552351559687e-06,29.998481273651123
000089.jpg,images/fear/000089.jpg,fear,fear,success,8.910464495420456,0.009486919589107856,0.0885308429133147,1.8258122079844525e-14,3.39930501525032e-06,7.831341122255253e-05,90.99143743515015
000088.jpg,images/fear/000088.jpg,fear,surprise,success,1.7929725348949432,1.0887045413255692,0.23209154605865479,63.59302997589111,0.12216580798849463,0.02788359415717423,33.143150806427
000077.jpg,images/fear/000077.jpg,fear,fear,success,0.0033437638194300234,0.00018128921510651708,0.0527971307747066,16.833074390888214,1.1677732913994987e-05,1.2262552084862932e-07,83.11060070991516
fear_250extra_0055.jpg,images/fear/fear_250extra_0055.jpg,fear,fear,success,0.002232010774605442,4.463928192853928,0.27417936362326145,0.662607979029417,0.0003560796812962508,0.002324893830518704,94.59437131881714
000115.jpg,images/fear/000115.jpg,fear,fear,success,1.3374334067066553,0.16758142572381649,1.6359063840452661,36.393272065715315,0.00017437745230199718,0.04079242596469378,60.42484405188823
fear_250extra_0057.jpg,images/fear/fear_250extra_0057.jpg,fear,fear,success,4.794052243232727,1.1576761491596699,0.4322262015193701,29.57763671875,0.09414429659955204,0.16404656926169991,63.78021836280823
000061.jpg,images/fear/000061.jpg,fear,fear,success,2.817050370751417e-07,4.9065806706494186e-05,4.7114781409618445e-06,1.130965817719698,1.3347163652088767e-08,9.86664588944946e-18,98.86898398399353
000075.jpg,images/fear/000075.jpg,fear,fear,success,0.0021068131900392473,26.272502541542053,0.38559562526643276,0.37844094913452864,2.716623805463314,0.0002711843990255147,70.24446129798889
000049.jpg,images/fear/000049.jpg,fear,angry,success,0.015191659266564635,38.19131693943537,54.5099729883703,0.278628304913246,2.933108643220825,0.2057431020446894,3.8660316775999455
fear_250extra_0056.jpg,images/fear/fear_250extra_0056.jpg,fear,fear,success,0.0021068131900392473,26.272502541542053,0.38559562526643276,0.37844094913452864,2.716623805463314,0.0002711843990255147,70.24446129798889
fear_250extra_0042.jpg,images/fear/fear_250extra_0042.jpg,fear,fear,success,0.06978381175331035,0.07755557547592216,2.3487507359682636,3.1153146189076164,9.919214266554376e-08,0.0044379523554277595,94.38414640615625
000128.jpg,images/fear/000128.jpg,fear,fear,success,0.0004961974195964959,9.215391950365235e-05,8.758270222626377e-05,0.08435178818042804,1.0745327046907508e-06,3.300436293017044e-11,99.91497396915996
000173.jpg,images/fear/000173.jpg,fear,fear,success,0.0021068131900392473,26.272502541542053,0.38559562526643276,0.37844094913452864,2.716623805463314,0.0002711843990255147,70.24446129798889
000167.jpg,images/fear/000167.jpg,fear,fear,success,0.13833414996042848,3.781745955348015,0.3252789378166199,4.946567118167877,0.02072254428640008,0.03232199524063617,90.75502753257751
000198.jpg,images/fear/000198.jpg,fear,surprise,success,0.01175852376036346,7.0793703343952075e-06,0.005376707485993393,52.81933546066284,1.7375192395974182e-07,1.759515103061382e-09,47.16352820396423
000211.jpg,images/fear/000211.jpg,fear,fear,success,0.8550458587706089,0.5841639824211597,18.5025617480278,24.9772772192955,0.000494474261358846,0.3450283780694008,54.73543405532837
fear_250extra_0019.jpg,images/fear/fear_250extra_0019.jpg,fear,fear,success,1.3374334067066553,0.16758142572381649,1.6359063840452661,36.393272065715315,0.00017437745230199718,0.04079242596469378,60.42484405188823
fear_250extra_0031.jpg,images/fear/fear_250extra_0031.jpg,fear,fear,success,0.13833414996042848,3.781745955348015,0.3252789378166199,4.946567118167877,0.02072254428640008,0.03232199524063617,90.75502753257751
000007.jpg,images/fear/000007.jpg,fear,surprise,success,4.510357598519477e-06,6.967458716644614e-05,0.04704340535681695,99.90395903587341,7.292529247138191e-07,0.028838857542723417,0.020081740512978286
000013.jpg,images/fear/000013.jpg,fear,sad,success,0.08286138093390351,38.320928115900045,33.95824038733485,3.52263434102439e-05,1.015715361578188,0.00021533441132501682,26.62200490367442
000012.jpg,images/fear/000012.jpg,fear,fear,success,0.016038613102864474,2.2126570343971252,0.2239961177110672,28.415638208389282,0.028197892243042588,0.00011213105608476326,69.1033661365509
000006.jpg,images/fear/000006.jpg,fear,fear,success,0.0006575614077629426,1.7265171765774908e-05,4.065381999355168e-05,0.0012254534698307568,1.1394622080897777e-08,4.985943871536468e-16,99.99805688881196
fear_250extra_0024.jpg,images/fear/fear_250extra_0024.jpg,fear,neutral,success,0.001203678039018996,0.0007577643373224419,4.7053706708766185e-06,0.16080501955002546,99.83711838722229,1.1738080012654138e-15,0.0001091485046345042
000210.jpg,images/fear/000210.jpg,fear,fear,success,0.00043337657043754634,0.2749581985150694,0.42191029247106865,40.19583703254682,4.2111127763559915e-05,3.424364551745298e-07,59.106818384338524
000199.jpg,images/fear/000199.jpg,fear,surprise,success,0.00011155991143022252,1.9568075580989255e-14,1.9885571353571145e-05,99.56802723217173,3.631250644525536e-15,1.0757197475758503e-15,0.43184019405187335
000172.jpg,images/fear/000172.jpg,fear,fear,success,0.016038613102864474,2.2126570343971252,0.2239961177110672,28.415638208389282,0.028197892243042588,0.00011213105608476326,69.1033661365509
000170.jpg,images/fear/000170.jpg,fear,fear,success,0.00028701185783575056,3.313006402549945e-05,2.554716083125186e-06,4.551083594560623,1.189434755133334e-05,2.349873107107244e-13,95.44858932495117
000212.jpg,images/fear/000212.jpg,fear,fear,success,0.09902444435283542,0.26477971114218235,1.442872080951929,22.873497009277344,0.057973130606114864,8.980937593605631e-06,75.26184320449829
fear_250extra_0032.jpg,images/fear/fear_250extra_0032.jpg,fear,fear,success,0.0006651941021118546,0.5664145573973656,0.024327255960088223,0.3824687795713544,5.436015371174108e-06,1.0612490797257124e-05,99.02611374855042
fear_250extra_0026.jpg,images/fear/fear_250extra_0026.jpg,fear,surprise,success,0.0013019436664762907,0.0036755962355528027,0.000760996772442013,51.36648416519165,2.0300483516422219e-07,1.3346428129334953e-08,48.62777590751648
000010.jpg,images/fear/000010.jpg,fear,fear,success,0.13833414996042848,3.781745955348015,0.3252789378166199,4.946567118167877,0.02072254428640008,0.03232199524063617,90.75502753257751
000005.jpg,images/fear/000005.jpg,fear,fear,success,0.30853614140203145,0.2661243556960265,15.44476129616999,1.908122903070969,0.0038351921412226662,0.9535953245035395,81.11502786547445
000011.jpg,images/fear/000011.jpg,fear,fear,success,0.00013086544186080573,0.0028241109248483554,15.769851207733154,6.297273258404346e-08,2.097980233983776e-07,2.3682783165113186e-09,84.22719836235046
fear_250extra_0033.jpg,images/fear/fear_250extra_0033.jpg,fear,fear,success,6.33934588305305,7.667198201083923,0.6236253118366375,13.588045667176923,34.507561863370164,0.0010332391279268623,37.273190888546814
000207.jpg,images/fear/000207.jpg,fear,fear,success,7.081998587095342e-07,0.1511135773337093,0.0001951537109751487,0.1633498855784672,6.595111225865896e-06,7.746400818838312e-07,99.68532923634896
000213.jpg,images/fear/000213.jpg,fear,surprise,success,7.850680825913225e-11,5.541634373606996e-08,1.4626803457665205e-10,90.69458842277527,2.1205261505063966e-09,8.720580417040553e-22,9.30541455745697
000171.jpg,images/fear/000171.jpg,fear,surprise,success,4.2480306251140385e-07,3.200221747752523e-18,5.464690441071378e-11,75.39527865620128,3.338191766299614e-19,3.3573665747558485e-23,24.60472134379872
000165.jpg,images/fear/000165.jpg,fear,surprise,success,0.00013047342690697405,2.376176512497441e-11,2.1170211417231855e-08,99.97404217720032,4.018257894391336e-12,3.703456915931537e-17,0.025825906777754426
000159.jpg,images/fear/000159.jpg,fear,fear,success,0.023411837173625827,0.7961118593811989,0.45530633069574833,8.317982405424118,0.0010558395842963364,0.0003703469246829627,90.40576219558716
000175.jpg,images/fear/000175.jpg,fear,surprise,success,0.00021134487724339124,1.0450511983561839e-08,2.587588809888075e-07,99.97194409370422,3.0057473437289373e-10,4.361371652795657e-15,0.027844792930409312
000217.jpg,images/fear/000217.jpg,fear,fear,success,0.02966475731227547,1.4331932085553944e-06,0.3953678999096155,0.07135892519727349,2.201991193551134e-09,2.0231982755802846e-09,99.50360655784607
fear_250extra_0023.jpg,images/fear/fear_250extra_0023.jpg,fear,fear,success,4.794052243232727,1.1576761491596699,0.4322262015193701,29.57763671875,0.09414429659955204,0.16404656926169991,63.78021836280823
000001.jpg,images/fear/000001.jpg,fear,fear,success,2.735242254914283e-06,3.1211843714118004,37.13340759277344,7.563364505767822,0.025577127235010266,1.788483672271468e-05,52.15644836425781
000029.jpg,images/fear/000029.jpg,fear,fear,success,7.081998587095342e-07,0.1511135773337093,0.0001951537109751487,0.1633498855784672,6.595111225865896e-06,7.746400818838312e-07,99.68532923634896
000028.jpg,images/fear/000028.jpg,fear,fear,success,2.2271508913335112e-05,0.016879735073907217,2.1200932879902508e-05,11.875081881871,1.5548850307805962e-05,1.4343585101027236e-11,88.10797475481334
fear_250extra_0022.jpg,images/fear/fear_250extra_0022.jpg,fear,fear,success,0.026187923504039645,0.0024897619368857704,0.4106785636395216,0.02149665670003742,1.7653110973014918e-06,1.9108009041701735e-05,99.53912496566772
fear_250extra_0036.jpg,images/fear/fear_250extra_0036.jpg,fear,fear,success,2.616027643398411e-05,1.1938448064029217,0.07604890270158648,4.212554544210434,0.4174092784523964,5.878149633709029e-08,94.10012364387512
000202.jpg,images/fear/000202.jpg,fear,surprise,success,0.3402289003133774,0.0022337408154271543,0.0015852137948968448,78.00300717353821,0.00025492549866612535,4.3910960479710825e-11,21.652689576148987
000216.jpg,images/fear/000216.jpg,fear,fear,success,1.4936670660972595,0.07241545245051384,0.6273370701819658,28.675934672355652,0.011042432015528902,0.0009545028660795651,69.11865472793579
000174.jpg,images/fear/000174.jpg,fear,neutral,success,0.9232577486787885,26.48835042049589,0.5685193803023922,7.530655415693248,33.48660072604422,0.0754594382172488,30.92716222567333
000160.jpg,images/fear/000160.jpg,fear,fear,success,0.06978381175331035,0.07755557547592216,2.3487507359682636,3.1153146189076164,9.919214266554376e-08,0.0044379523554277595,94.38414640615625
000162.jpg,images/fear/000162.jpg,fear,fear,success,0.30853614140203145,0.2661243556960265,15.44476129616999,1.908122903070969,0.0038351921412226662,0.9535953245035395,81.11502786547445
fear_250extra_0020.jpg,images/fear/fear_250extra_0020.jpg,fear,fear,success,0.5654494278132915,0.35912343300879,0.009530086390441284,5.935942381620407,0.4293498583137989,1.749775293546918e-05,92.70058870315552
fear_250extra_0034.jpg,images/fear/fear_250extra_0034.jpg,fear,fear,success,0.00020751315332745435,1.2358982115983963,0.5806271452456713,9.037000685930252,2.3480484262108803,7.002636692732267e-07,86.79822087287903
fear_250extra_0008.jpg,images/fear/fear_250extra_0008.jpg,fear,fear,success,0.00013086544186080573,0.0028241109248483554,15.769851207733154,6.297273258404346e-08,2.097980233983776e-07,2.3682783165113186e-09,84.22719836235046
000002.jpg,images/fear/000002.jpg,fear,fear,success,0.06978381175331035,0.07755557547592216,2.3487507359682636,3.1153146189076164,9.919214266554376e-08,0.0044379523554277595,94.38414640615625
000017.jpg,images/fear/000017.jpg,fear,fear,success,5.701015654955405e-05,2.2216478806096065e-05,2.4139791285914977e-06,23.631443246430965,2.563766892913073e-07,3.6922740795710044e-15,76.36847181696035
fear_250extra_0009.jpg,images/fear/fear_250extra_0009.jpg,fear,fear,success,0.016038613102864474,2.2126570343971252,0.2239961177110672,28.415638208389282,0.028197892243042588,0.00011213105608476326,69.1033661365509
000215.jpg,images/fear/000215.jpg,fear,fear,success,3.9469946175813675,6.257157772779465,1.1163156479597092,1.0450608097016811,13.456961512565613,0.03755528014153242,74.13995265960693
000163.jpg,images/fear/000163.jpg,fear,fear,success,0.7491821461400812,0.07945774922092268,14.325392028642652,0.015544131349633622,2.5014230547035162e-05,0.002520768311658554,84.82787193919755
000177.jpg,images/fear/000177.jpg,fear,sad,success,2.1972473973619344e-05,52.11026072502136,0.03657256020233035,0.002504847725504078,0.6478284485638142,2.7550337011739146e-08,47.202810645103455
